"totalcheckouts","title","author","callnumber","lastcheckoutdate","itypecode","locationcode"
"493","SPL Technology Equipment","","|aDigital Media Lab Access Keycard #1 (east)","2020-01-30 10:08:40-06",25,"ate  "
"293","SPL Lab Tech","","|aNintendo Switch w/2 Joycons GAM15","2020-01-30 19:14:53-06",55,"jlte "
"154","SPL Technology Equipment","","|aDell Latitude Laptop #1","2019-12-20 09:25:31-06",25,"ate  "
"122","SPL Technology Equipment","","|aDell Latitude Laptop #2","2019-12-20 10:01:15-06",25,"ate  "
"113","SPL Technology Equipment","","|aDell Latitude Laptop #6","2019-12-19 19:26:20-06",25,"ate  "
"107","SPL Lab Tech","","|aNintendo Switch Controller #4 - Blue/Red LAB01-D","2020-01-30 17:24:14-06",55,"jlte "
"100","SPL Technology Equipment","","|aDell Latitude Laptop #3","2019-12-20 11:30:35-06",25,"ate  "
"85","SPL Technology Equipment","","|aDell Latitude Laptop #4","2019-12-19 15:52:43-06",25,"ate  "
"73","SPL Technology Equipment","","|aDell Latitude Laptop #7","2019-12-17 17:04:49-06",25,"ate  "
"70","SPL Technology Equipment","","|aVolunteer Door Access Keycard","2020-01-29 10:19:20-06",25,"amisc"
"70","SPL Technology Equipment","","|aVolunteer Door Access Keycard","2020-01-29 14:30:05-06",25,"amisc"
"58","SPL Lab Tech","","|aNintendo Switch Controller #1 - Yellow/Yellow LAB01-A","2020-01-22 18:36:00-06",55,"jlte "
"57","SPL Technology Equipment","","|aVolunteer Door Access Keycard","2020-01-30 15:49:38-06",25,"amisc"
"52","Bratz.","","|aDVD B","2020-01-19 12:17:00-06",38,"jdvdf"
"49","SPL Technology Equipment","","|aDell Latitude Laptop #8","2019-12-17 17:29:03-06",25,"ate  "
"48","SPL Technology Equipment","","Teen PS4 Gaming Equipment","2020-01-09 16:09:02-06",25,"ate  "
"44","SPL Lab Tech","","|aNintendo Switch Controller #3 - Green/Pink LAB01-C","2020-01-27 17:49:48-06",55,"jlte "
"40","SPL Technology Equipment","","Dry erase markers and eraser #1","2019-12-17 16:44:00-06",25,"ate  "
"40","SPL Lab Tech","","|aXbox One Controller GAM04-A","2020-01-28 18:08:32-06",55,"jlte "
"39","Dead trigger","","|aDVD D ACTION/ADVENTURE","2020-01-19 16:40:13-06",12,"advdf"
"39","SPL Lab Tech","","|aNintendo Switch Pro Controller GAM16-R2","2020-01-29 17:25:35-06",55,"jlte "
"38","SPL Lab Tech","","|aNintendo Switch Controller #2 - Black/Black LAB01-B","2020-01-27 17:50:10-06",55,"jlte "
"38","SPL Lab Tech","","|aNintendo Switch Pro Controller GAM16-R1","2020-01-30 19:14:26-06",55,"jlte "
"38","SPL Technology Equipment","","|aDry erase markers and eraser #4","2019-12-14 16:34:45-06",25,"ate  "
"36","Holy lands.","","|aDVD H DRAMA","2020-01-23 15:38:18-06",12,"advdf"
"36","I'll take your dead.","","|aDVD I HORROR","2020-01-21 12:58:11-06",12,"advdf"
"36","Genesis 2.0","","|a569.67 GEN","2020-01-07 15:58:06-06",13,"advdn"
"35","The souvenir","","|aDVD S DRAMA","2020-01-19 12:28:00-06",23,"advh "
"35","The poison rose","","|aDVD P DRAMA","2020-01-23 13:08:10-06",12,"advdf"
"35","Le retour du héros = Return of the hero","","|aDVD R WORLD (FRENCH)","2020-01-12 16:09:13-06",12,"advdf"
"35","American exit.","","|aDVD A ACTION/ADVENTURE","2020-01-19 16:34:44-06",12,"advdf"
"35","Luisa Spagnoli","","|aLUI","2020-01-22 20:01:04-06",12,"advv "
"34","Ambushed.","","|aDVD A ACTION/ADVENTURE","2020-01-21 14:48:50-06",12,"advdf"
"34","Avengement.","","|aDVD A ACTION/ADVENTURE","2020-01-25 12:36:40-06",12,"advdf"
"34","Never look away","","|aDVD N WORLD (GERMAN)","2020-01-26 15:51:17-06",12,"advdf"
"34","Family","","|aDVD F COMEDY","2020-01-21 09:21:45-06",12,"advdf"
"34","An acceptable loss.","","|aDVD A DRAMA","2019-12-30 20:14:03-06",12,"advdf"
"34","No man's land","","|aDVD N WESTERN","2020-01-20 15:53:46-06",12,"advdf"
"34","Teen beach movie 2.","","|aDVD T","2020-01-24 20:42:05-06",38,"jdvdf"
"33","Trial by fire.","","|aDVD T DRAMA","2020-01-28 16:47:25-06",12,"advdf"
"33","SPL Technology Equipment","","|aDell Latitude Laptop #9","2019-12-16 14:16:38-06",25,"ate  "
"33","Big brother.","","|aDVD B WORLD (CHINESE)","2020-01-11 12:03:48-06",12,"advdf"
"33","Royal hearts","","|aROY","2020-01-15 19:34:53-06",12,"advv "
"33","Manhunt","","|aMAN SEASON 1","2020-01-20 09:12:08-06",12,"advv "
"33","Shadow wolves","","|aDVD S ACTION/ADVENTURE","2020-01-25 12:19:16-06",12,"advdf"
"33","D-Day assassins","","|aDVD D ACTION/ADVENTURE","2020-01-22 12:36:17-06",12,"advdf"
"33","Viking blood.","","|aDVD V ACTION/ADVENTURE","2020-01-28 13:35:57-06",12,"advdf"
"33","A summer to remember.","","|aSUM","2020-01-22 17:59:20-06",12,"advv "
"32","T-34","","|aDVD T WORLD (RUSSIAN)","2020-01-10 16:04:27-06",12,"advdf"
"32","Breakthrough","","|aDVD B DRAMA","2020-01-15 11:55:43-06",12,"advdf"
"32","Teen beach movie 2.","","|aDVD T","2020-01-10 20:49:26-06",38,"jdvdf"
"32","IP Man. Origins.","","|aIP SEASON 2","2020-01-18 17:09:28-06",12,"advv "
"32","Poms","","|aBLU-RAY P COMEDY","2020-01-10 17:26:10-06",12,"abdf "
"32","Captain Marleau. Volume 1","","|aCAP VOLUME 1","2019-12-30 10:30:34-06",12,"advv "
"32","Tell it to the bees.","","|aDVD T DRAMA","2020-01-06 13:20:14-06",12,"advdf"
"32","The command.","","|aDVD C ACTION/ADVENTURE","2020-01-10 15:42:41-06",12,"advdf"
"32","Love at the shore.","","|aLOV","2020-01-17 13:55:09-06",12,"advv "
"32","Under the Silver Lake.","","|aDVD U DRAMA","2020-01-16 10:06:47-06",12,"advdf"
"32","Charlie says","","|aDVD C DRAMA","2020-01-28 10:03:12-06",12,"advdf"
"32","Captive state","","|aDVD C SF/FANTASY","2020-01-13 14:46:49-06",12,"advdf"
"32","Styx","","|aDVD S DRAMA","2020-01-07 09:50:31-06",12,"advdf"
"31","An acceptable loss.","","|aDVD A DRAMA","2020-01-20 14:37:54-06",12,"advdf"
"31","Manhunt","","|aMAN SEASON 1","2020-01-09 14:46:23-06",12,"advv "
"31","The poison rose","","|aDVD P DRAMA","2020-01-13 17:36:27-06",12,"advdf"
"31","Little Woods.","","|aDVD L DRAMA","2020-01-25 12:21:16-06",12,"advdf"
"31","Run.","","|aDVD R DRAMA","2020-01-21 16:14:26-06",12,"advdf"
"31","Trial by fire.","","|aDVD T DRAMA","2020-01-13 16:11:00-06",12,"advdf"
"31","Never grow old","","|aDVD N WESTERN","2019-12-23 10:33:19-06",12,"advdf"
"31","The last whistle.","","|aDVD L DRAMA","2020-01-23 10:39:27-06",12,"advdf"
"31","Innocent","","|aINN","2020-01-02 15:32:03-06",12,"advv "
"31","Saint Judy","","|aDVD S DRAMA","2019-12-23 09:25:10-06",12,"advdf"
"31","The professor","","|aDVD P COMEDY","2020-01-28 13:35:45-06",12,"advdf"
"31","Bundy and the Green River Killer","","|aDVD B DRAMA","2020-01-18 16:32:33-06",12,"advdf"
"31","Slaughterhouse rulez","","|aDVD S ACTION/ADVENTURE","2020-01-12 16:10:16-06",12,"advdf"
"31","The vault","","|aDVD V HORROR","2019-12-27 20:04:51-06",12,"advdf"
"31","Saint Judy","","|aDVD S DRAMA","2020-01-08 11:08:30-06",12,"advdf"
"31","Abduction.","","|aDVD A ACTION/ADVENTURE","2020-01-21 10:00:06-06",12,"advdf"
"31","All is true.","","|aDVD A DRAMA","2020-01-06 20:59:37-06",12,"advdf"
"31","The man who killed Don Quixote","","|aDVD M ACTION/ADVENTURE","2019-12-28 17:48:14-06",12,"advdf"
"31","We have always lived in the castle","","|aDVD W HORROR","2020-01-06 18:30:04-06",12,"advdf"
"31","Avengement.","","|aDVD A ACTION/ADVENTURE","2020-01-11 17:48:53-06",12,"advdf"
"31","Crypto.","","|aDVD C DRAMA","2020-01-06 20:53:40-06",12,"advdf"
"31","SPL Lab Tech","","|aXbox One Controller GAM04-C","2020-01-28 18:08:31-06",55,"jlte "
"31","Crypto.","","|aDVD C DRAMA","2020-01-08 18:07:01-06",12,"advdf"
"31","Mia and the white lion : quest for freedom","","|aBLU-RAY M ACTION/ADVENTURE","2020-01-04 13:32:57-06",12,"abdf "
"31","We have always lived in the castle","","|aDVD W HORROR","2019-12-26 16:56:58-06",12,"advdf"
"31","Vidago Palace.","","|aVID","2020-01-14 10:19:48-06",12,"advv "
"31","Tolkien","","|aBLU-RAY T DRAMA","2020-01-22 15:38:37-06",12,"abdf "
"31","High life","","|aBLU-RAY H SF/FANTASY","2019-12-30 10:27:56-06",12,"abdf "
"31","Eat, play, love.","","|aEAT","2019-12-29 16:23:03-06",12,"advv "
"31","Las herederas = The heiresses","","|aDVD H WORLD (SPANISH)","2020-01-10 18:37:37-06",12,"advdf"
"30","The sun is also a star","","|aDVD S DRAMA","2020-01-22 18:48:24-06",23,"advh "
"30","Jane Fonda In five acts","","|a791.43028 FON","2020-01-12 12:34:16-06",13,"advdn"
"30","Un beau soleil intérieur = Let the sunshine in","","|aDVD L WORLD (FRENCH)","2020-01-20 16:44:37-06",12,"advdf"
"30","Escape plan : the extractors","","|aDVD E ACTION/ADVENTURE","2020-01-26 17:26:07-06",12,"advdf"
"30","Swinging safari","","|aDVD S COMEDY","2020-01-12 16:08:40-06",12,"advdf"
"30","Tolkien","","|aDVD T DRAMA","2020-01-16 12:36:27-06",12,"advdf"
"30","The unity of heroes","","|aDVD U WORLD (CHINESE)","2020-01-02 18:17:45-06",12,"advdf"
"30","Saint Judy","","|aDVD S DRAMA","2020-01-03 15:15:48-06",12,"advdf"
"30","Tolkien","","|aDVD T DRAMA","2020-01-02 18:16:22-06",12,"advdf"
"30","Amazing grace","","|a782.254 FRA","2020-01-24 15:02:47-06",23,"advh "
"30","Batman. Hush","","|aDVD B SF/FANTASY","2020-01-23 13:57:29-06",12,"advdf"
"30","A violent separation","","|aDVD V DRAMA","2020-01-26 14:31:19-06",12,"advdf"
"30","Long shot","","|aDVD L COMEDY","2020-01-19 12:57:00-06",12,"advdf"
"30","Lost in space. The complete first season","","|aLOS SEASON 1","2019-12-26 10:27:57-06",12,"advv "
"30","All is true.","","|aDVD A DRAMA","2020-01-02 16:30:02-06",12,"advdf"
"30","The souvenir","","|aDVD S DRAMA","2020-01-21 12:20:40-06",12,"advdf"
"30","Escape at Dannemora.","","|aESC","2020-01-22 17:24:57-06",12,"advv "
"30","Vidago Palace.","","|aVID","2020-01-10 14:30:57-06",12,"advv "
"30","Abduction.","","|aDVD A ACTION/ADVENTURE","2020-01-18 13:01:03-06",12,"advdf"
"30","Giant little ones.","","|aDVD G DRAMA","2020-01-17 10:49:02-06",12,"advdf"
"30","The hummingbird project.","","|aDVD H DRAMA","2019-12-29 17:30:04-06",12,"advdf"
"30","Body at Brighton Rock","","|aDVD B DRAMA","2020-01-18 14:10:27-06",12,"advdf"
"30","Donnybrook","","|aDVD D ACTION/ADVENTURE","2020-01-20 17:02:21-06",12,"advdf"
"30","Meeting Gorbachev","","|a947.0854 MEE","2020-01-20 11:53:51-06",13,"advdn"
"30","The souvenir","","|aDVD S DRAMA","2020-01-21 12:49:10-06",12,"advdf"
"30","Long shot","","|aDVD L COMEDY","2020-01-24 12:42:09-06",12,"advdf"
"30","The hummingbird project.","","|aDVD H DRAMA","2020-01-22 18:35:10-06",12,"advdf"
"30","The souvenir","","|aDVD S DRAMA","2020-01-13 11:17:31-06",12,"advdf"
"30","Fast color.","","|aDVD F SF/FANTASY","2020-01-18 10:11:16-06",12,"advdf"
"30","Searching for Ingmar Bergman.","","|a791.43023 BER","2020-01-20 09:31:04-06",13,"advdn"
"30","Breakthrough","","|aDVD B DRAMA","2020-01-15 18:20:18-06",12,"advdf"
"30","The professor and the madman","","|aDVD P DRAMA","2020-01-24 10:29:49-06",12,"advdf"
"30","An acceptable loss.","","|aDVD A DRAMA","2020-01-03 15:28:32-06",12,"advdf"
"30","Unplanned.","","|aDVD U DRAMA","2020-01-21 11:44:33-06",12,"advdf"
"30","Nightmare shark","","|aNIG","2020-01-15 17:14:15-06",12,"advv "
"29","Hail Satan?","","|a261.72 HAI","2020-01-02 12:49:05-06",13,"advdn"
"29","Dogman","","|aDVD D WORLD (ITALIAN)","2019-12-26 18:23:43-06",12,"advdf"
"29","Little Woods.","","|aDVD L DRAMA","2020-01-09 13:53:29-06",12,"advdf"
"29","The third wife","","|aDVD T WORLD (VIETNAMESE)","2020-01-18 14:52:49-06",12,"advdf"
"29","Breakthrough","","|aDVD B DRAMA","2020-01-13 16:44:01-06",12,"advdf"
"29","Searching for Ingmar Bergman.","","|a791.43023 BER","2020-01-23 18:28:50-06",13,"advdn"
"29","Bardo blues.","","|aDVD B DRAMA","2019-12-30 15:36:13-06",12,"advdf"
"29","The hustle","","|aDVD H COMEDY","2020-01-21 18:26:43-06",12,"advdf"
"29","All is true.","","|aDVD A DRAMA","2020-01-02 11:33:14-06",12,"advdf"
"29","El Dorado : search for the lost City of Gold.","","|aDOR","2020-01-03 19:45:22-06",12,"advv "
"29","Unplanned.","","|aDVD U DRAMA","2020-01-20 18:50:55-06",23,"advh "
"29","Shadow","","|aBLU-RAY S WORLD (CHINESE)","2020-01-22 13:31:20-06",12,"abdf "
"29","The poison rose","","|aDVD P DRAMA","2020-01-22 18:57:55-06",12,"advdf"
"29","Domino","","|aDVD D DRAMA","2020-01-23 14:49:11-06",12,"advdf"
"29","Aniara","","|aDVD A WORLD (SWEDISH)","2020-01-26 14:31:14-06",12,"advdf"
"29","Tolkien","","|aDVD T DRAMA","2020-01-18 16:24:51-06",23,"advh "
"29","The Sandhamn murders. Volume 1.","","|aSAN VOLUME 1","2020-01-15 13:14:03-06",12,"advv "
"29","Murdoch mysteries. Season 12.","","|aMUR SEASON 12","2019-12-30 11:33:32-06",12,"advv "
"29","Pokémon Detective Pikachu","","|aDVD P","2020-01-24 16:53:57-06",40,"jdvh "
"29","Mario tennis aces.","","|aNINTENDO SWITCH-M","2020-01-02 16:02:33-06",45,"jvg  "
"29","Clara.","","|aDVD C SF/FANTASY","2020-01-20 09:12:30-06",12,"advdf"
"29","Tell it to the bees.","","|aDVD T DRAMA","2020-01-11 17:57:34-06",12,"advdf"
"29","SPL Technology Equipment","","|aDry erase markers and eraser #6","2019-12-16 16:30:44-06",25,"ate  "
"29","Captain Toad :  treasure tracker.","","|aNINTENDO SWITCH-C","2020-01-04 14:43:14-06",45,"jvg  "
"29","The hummingbird project.","","|aDVD H DRAMA","2020-01-12 16:21:50-06",12,"advdf"
"29","Tom Clancy's Jack Ryan. Season one","","|aJAC SEASON 1","2020-01-24 15:09:49-06",12,"advv "
"29","The flood","","|a577.660968 FLO","2020-01-14 19:34:24-06",13,"advdn"
"29","Pokémon Detective Pikachu","","|aDVD P","2020-01-19 17:24:27-06",40,"jdvh "
"29","Science fair","","|a507.8 SCI","2019-12-26 19:06:08-06",13,"advdn"
"29","Innocent","","|aINN","2020-01-13 12:38:06-06",12,"advv "
"29","Un beau soleil intérieur = Let the sunshine in","","|aDVD L WORLD (FRENCH)","2020-01-06 17:14:19-06",12,"advdf"
"29","Nightmare cinema.","","|aDVD N HORROR","2020-01-28 16:47:22-06",12,"advdf"
"29","All is true.","","|aDVD A DRAMA","2020-01-27 12:36:13-06",12,"advdf"
"29","General commander","","|aDVD G ACTION/ADVENTURE","2019-12-23 19:35:03-06",12,"advdf"
"29","Batman vs Teenage Mutant Ninja Turtles","","|aDVD B SF/FANTASY","2019-12-26 12:01:27-06",12,"advdf"
"29","High life","","|aDVD H SF/FANTASY","2020-01-23 13:14:24-06",12,"advdf"
"29","The upside","","|aDVD U COMEDY","2020-01-16 09:56:37-06",12,"advdf"
"29","Takers","","|aDVD T ACTION/ADVENTURE","2020-01-20 15:44:13-06",12,"advdf"
"29","The command.","","|aDVD C ACTION/ADVENTURE","2020-01-18 14:33:35-06",12,"advdf"
"29","The man who killed Don Quixote","","|aDVD M ACTION/ADVENTURE","2020-01-22 18:35:14-06",12,"advdf"
"29","Mia and the white lion : quest for freedom","","|aDVD M ACTION/ADVENTURE","2019-12-23 18:43:53-06",12,"advdf"
"28","All is true.","","|aDVD A DRAMA","2020-01-17 19:59:57-06",23,"advh "
"28","The white crow","","|aDVD W DRAMA","2020-01-15 09:56:28-06",12,"advdf"
"28","The souvenir","","|aDVD S DRAMA","2019-12-15 16:06:08-06",12,"advdf"
"28","Long shot","","|aDVD L COMEDY","2020-01-18 12:14:08-06",12,"advdf"
"28","Halston","","|a746.92 HAL","2019-12-30 15:50:36-06",13,"advdn"
"28","The team.","","|aTEA SEASON 1","2020-01-22 18:34:00-06",12,"advv "
"28","Takane & Hana","Shiwasu, Yuki, author, artist.","|aTAKANE & HANA PBK","2020-01-08 20:00:33-06",1,"aucg "
"28","Amazing grace","","|a782.254 FRA","2020-01-18 13:30:46-06",13,"advdn"
"28","Aniara","","|aDVD A WORLD (SWEDISH)","2019-12-29 16:22:58-06",12,"advdf"
"28","Strike back. Cinemax season six.","","|aSTR SEASON 6","2020-01-18 16:13:05-06",12,"advv "
"28","Frontier","","|aDVD F WESTERN","2019-12-26 13:01:31-06",12,"advdf"
"28","The white crow","","|aDVD W DRAMA","2020-01-17 19:59:49-06",12,"advdf"
"28","Dead water.","","|aDVD D ACTION/ADVENTURE","2020-01-22 18:32:10-06",12,"advdf"
"28","The tomorrow man","","|aDVD T DRAMA","2020-01-15 12:13:45-06",23,"advh "
"28","Halston","","|a746.92 HAL","2020-01-24 12:42:22-06",13,"advdn"
"28","Pokémon Detective Pikachu","","|aDVD P","2020-01-25 11:54:27-06",40,"jdvh "
"28","Endeavour. The complete sixth season","","|aEND SEASON 6","2019-12-14 17:20:31-06",12,"advv "
"28","The mercy","","|aDVD M DRAMA","2020-01-07 16:31:48-06",12,"advdf"
"28","The souvenir","","|aDVD S DRAMA","2020-01-23 18:28:48-06",23,"advh "
"28","Be natural : the untold story of Alice Guy-Blache.","","|a791.43023 GUY","2020-01-23 09:16:19-06",13,"advdn"
"28","Transit","","|aDVD T WORLD (MULTILINGUAL)","2019-12-20 12:47:49-06",12,"advdf"
"28","Black water.","","|aDVD B ACTION/ADVENTURE","2020-01-14 11:15:24-06",12,"advdf"
"28","Shadow","","|aDVD S WORLD (CHINESE)","2019-12-31 12:05:29-06",12,"advdf"
"28","Murdoch mysteries. Season 12.","","|aMUR SEASON 12","2020-01-11 11:34:46-06",12,"advv "
"28","The last black man in San Francisco.","","|aDVD L DRAMA","2020-01-24 15:01:27-06",12,"advdf"
"28","Motherfatherson.","","|aMOT","2020-01-18 16:04:54-06",12,"advv "
"28","John Wick","","|aDVD J ACTION/ADVENTURE","2020-01-14 15:09:24-06",12,"advdf"
"28","Plus one.","","|aDVD P COMEDY","2020-01-21 11:44:44-06",12,"advdf"
"28","The best of enemies","","|aDVD B DRAMA","2020-01-17 13:31:45-06",12,"advdf"
"28","Kinky","","|aDVD K DRAMA","2020-01-28 12:17:57-06",12,"advdf"
"28","The promised Neverland","Shirai, Kaiu, author.","|aPROMISED NEVERLAND PBK","2020-01-19 13:30:00-06",1,"aucg "
"28","The biggest little farm","","|a630 BIG","2020-01-15 20:45:32-06",13,"abdn "
"28","Poms","","|aDVD P COMEDY","2020-01-20 14:27:08-06",23,"advh "
"28","Breakthrough","","|aDVD B DRAMA","2020-01-10 12:36:26-06",12,"advdf"
"28","Love, romance & chocolate.","","|aLOV","2020-01-17 13:54:36-06",12,"advv "
"28","Tolkien","","|aBLU-RAY T DRAMA","2019-12-23 11:47:09-06",12,"abdf "
"28","The souvenir","","|aDVD S DRAMA","2020-01-13 15:55:54-06",12,"advdf"
"28","Super Mario odyssey.","","|aNINTENDO SWITCH-S","2020-01-03 15:00:02-06",45,"jvg  "
"28","Amazing grace","","|a782.254 FRA","2020-01-24 15:11:05-06",13,"advdn"
"28","The curse of La Llorona","","|aDVD C HORROR","2020-01-11 14:41:52-06",12,"advdf"
"28","All is true.","","|aDVD A DRAMA","2020-01-10 14:42:48-06",23,"advh "
"28","Working woman.","","|aDVD W WORLD (HEBREW)","2020-01-20 15:44:12-06",12,"advdf"
"28","The hot zone. The complete first season","","|aHOT SEASON 1","2020-01-13 10:09:33-06",12,"advv "
"28","Mia and the white lion : quest for freedom","","|aBLU-RAY M ACTION/ADVENTURE","2020-01-21 14:29:46-06",12,"abdf "
"28","Crypto.","","|aDVD C DRAMA","2020-01-10 14:55:10-06",12,"advdf"
"28","Amazing grace","","|a782.254 FRA","2020-01-20 19:41:39-06",23,"advh "
"28","Detective Montalbano. Episodes 33 & 34.","","|aDET EPISODES 33-34","2020-01-16 13:38:28-06",12,"advdf"
"28","The white crow","","|aDVD W DRAMA","2020-01-23 12:03:39-06",23,"advh "
"28","Marcella. Season two.","","|aMAR SEASON 2","2020-01-03 15:17:02-06",12,"advv "
"28","Un couteau dans le coeur","","|aDVD K WORLD (FRENCH)","2020-01-09 11:59:51-06",12,"advdf"
"28","Climax.","","|aDVD C HORROR","2020-01-26 15:51:10-06",12,"advdf"
"28","Hale County this morning, this evening","","|a305.896073 H","2020-01-16 18:31:56-06",13,"advdn"
"28","Long shot","","|aDVD L COMEDY","2020-01-04 15:02:15-06",12,"advdf"
"28","The intruder","","|aBLU-RAY I DRAMA","2020-01-07 12:30:32-06",12,"abdf "
"28","Super Mario Maker 2.","","|aNINTENDO SWITCH-S","2020-01-16 20:11:03-06",45,"jvg  "
"28","Batman. Hush","","|aDVD B SF/FANTASY","2020-01-24 09:07:07-06",12,"advdf"
"28","Clara.","","|aDVD C SF/FANTASY","2020-01-25 15:00:56-06",12,"advdf"
"28","Ash is purest white.","","|aDVD A WORLD (CHINESE)","2020-01-10 15:29:55-06",12,"advdf"
"27","Chasing the moon.","","|a629.454 C","2019-12-19 17:34:53-06",13,"abdn "
"27","Hale County this morning, this evening","","|a305.896073 H","2019-12-17 15:55:49-06",13,"advdn"
"27","Blood","","|aBLO","2019-12-31 15:08:26-06",12,"advv "
"27","The souvenir","","|aDVD S DRAMA","2020-01-21 18:49:43-06",12,"advdf"
"27","Anna.","","|aDVD A ACTION/ADVENTURE","2020-01-20 09:10:41-06",23,"advh "
"27","All is true.","","|aDVD A DRAMA","2020-01-15 09:16:33-06",12,"advdf"
"27","Tolkien","","|aDVD T DRAMA","2020-01-26 12:49:50-06",23,"advh "
"27","Batman. Hush","","|aBLU-RAY B SF/FANTASY","2020-01-08 19:24:02-06",12,"abdf "
"27","Dogman","","|aDVD D WORLD (ITALIAN)","2020-01-23 11:14:24-06",12,"advdf"
"27","Swinging safari","","|aDVD S COMEDY","2020-01-08 13:09:44-06",12,"advdf"
"27","Breakthrough","","|aDVD B DRAMA","2020-01-02 11:46:07-06",23,"advh "
"27","The professor and the madman","","|aDVD P DRAMA","2020-01-07 09:55:51-06",12,"advdf"
"27","The hustle","","|aDVD H COMEDY","2020-01-22 20:48:21-06",23,"advh "
"27","The sun is also a star","","|aDVD S DRAMA","2020-01-21 20:03:00-06",12,"advdf"
"27","The upside","","|aDVD U COMEDY","2020-01-23 16:29:07-06",12,"advdf"
"27","Sonny with a chance.","","|aDVD S","2020-01-27 20:28:14-06",38,"jdvdf"
"27","Cold pursuit.","","|aDVD C ACTION/ADVENTURE","2019-12-30 14:00:06-06",12,"advdf"
"27","Escape plan : the extractors","","|aDVD E ACTION/ADVENTURE","2020-01-19 17:47:42-06",12,"advdf"
"27","The souvenir","","|aDVD S DRAMA","2020-01-24 16:46:32-06",23,"advh "
"27","London kills. Series 1.","","|aLON SERIES 1","2020-01-24 14:42:58-06",12,"advv "
"27","Patrick Melrose.","","|aPAT","2020-01-03 18:27:01-06",12,"advv "
"27","The tomorrow man","","|aDVD T DRAMA","2020-01-17 13:55:28-06",23,"advh "
"27","Little","","|aDVD L COMEDY","2019-12-17 11:33:44-06",12,"advdf"
"27","Magnum P.I. Season one","","|aMAG SEASON 1","2020-01-03 17:07:13-06",12,"advv "
"27","Aladdin","","|aDVD A","2020-01-21 20:02:23-06",40,"jdvh "
"27","Love struck cafe.","","|aLOV","2020-01-27 09:45:36-06",12,"advv "
"27","The Grinch","","|aDVD G","2020-01-11 11:21:06-06",38,"jdvdf"
"27","Nancy Drew and the hidden staircase","","|aDVD N","2020-01-22 09:39:31-06",40,"jdvh "
"27","Shakespeare & Hathaway : private investigators. Season two.","","|aSHA SEASON 2","2020-01-05 12:58:28-06",12,"advv "
"27","Team Sonic racing.","","|aNINTENDO SWITCH-T","2020-01-29 15:01:17-06",45,"jvg  "
"27","The souvenir","","|aDVD S DRAMA","2020-01-24 15:35:50-06",23,"advh "
"27","Tolkien","","|aBLU-RAY T DRAMA","2020-01-24 17:08:12-06",23,"abhp "
"27","Pokémon : let's go Pikachu!.","","|aNINTENDO SWITCH-P","2020-01-04 12:12:14-06",45,"jvg  "
"27","Tolkien","","|aBLU-RAY T DRAMA","2020-01-18 13:30:17-06",12,"abdf "
"27","Ugly dolls","","|aDVD U","2020-01-20 17:45:11-06",40,"jdvh "
"27","Hellboy","","|aDVD H SF/FANTASY","2020-01-25 12:19:10-06",12,"advdf"
"27","The legend of 5 Mile Cave","","|aDVD L WESTERN","2020-01-25 16:02:54-06",12,"advdf"
"27","Five feet apart.","","|aDVD F DRAMA","2020-01-04 17:45:06-06",12,"advdf"
"27","Shake it up. Mix it up, laugh it up [videorecording].","","|aDVD S","2020-01-25 14:49:31-06",38,"jdvdf"
"27","Godzilla : king of the monsters","","|aDVD G SF/FANTASY","2020-01-23 20:32:42-06",23,"advh "
"27","Ashes in the snow.","","|aDVD A DRAMA","2020-01-14 15:35:07-06",12,"advdf"
"27","A dog's journey.","","|aDVD D DRAMA","2020-01-25 14:17:30-06",12,"advdf"
"27","Nancy Drew and the hidden staircase","","|aDVD N","2020-01-14 10:12:02-06",40,"jdvh "
"27","Motherfatherson.","","|aMOT","2020-01-14 13:51:27-06",12,"advv "
"27","Frankie Drake mysteries. The complete second season","","|aFRA SEASON 2","2019-12-31 15:06:09-06",12,"advv "
"27","The man who killed Don Quixote","","|aDVD M ACTION/ADVENTURE","2020-01-05 15:23:21-06",12,"advdf"
"27","I'm not here","","|aDVD I DRAMA","2019-12-23 18:01:02-06",12,"advdf"
"27","In like Flynn","","|aDVD I ACTION/ADVENTURE","2020-01-14 10:10:24-06",12,"advdf"
"27","Above the shadows.","","|aDVD A DRAMA","2020-01-27 15:44:42-06",12,"advdf"
"27","Tolkien","","|aDVD T DRAMA","2020-01-18 13:38:22-06",12,"advdf"
"27","The public","","|aDVD P DRAMA","2020-01-06 14:02:42-06",12,"advdf"
"27","Tolkien","","|aDVD T DRAMA","2020-01-14 15:25:28-06",23,"advh "
"27","The intruder","","|aDVD I DRAMA","2020-01-20 15:03:12-06",12,"advdf"
"27","Mia and the white lion : quest for freedom","","|aDVD M ACTION/ADVENTURE","2019-12-27 18:27:27-06",12,"advdf"
"27","The intruder","","|aDVD I DRAMA","2019-12-29 12:22:42-06",23,"advh "
"27","Armstrong","","|a629.450092 ARM","2020-01-10 19:47:19-06",13,"advdn"
"27","The intruder","","|aDVD I DRAMA","2020-01-03 18:15:48-06",12,"advdf"
"27","Big kill","","|aDVD B WESTERN","2019-12-26 09:46:33-06",12,"advdf"
"27","Ugly dolls","","|aDVD U","2020-01-21 16:49:04-06",40,"jdvh "
"27","The mustang","","|aDVD M DRAMA","2020-01-04 12:50:12-06",12,"advdf"
"27","SPL Lab Tech","","|aXbox One Controller GAM04-D","2020-01-10 16:35:49-06",55,"jlte "
"27","All is true.","","|aDVD A DRAMA","2020-01-21 15:10:52-06",23,"advh "
"27","SPL Technology Equipment","","Dry erase markers and eraser #2","2019-12-18 16:30:23-06",25,"ate  "
"27","Saint Judy","","|aDVD S DRAMA","2019-12-31 10:23:04-06",23,"advh "
"27","Be natural : the untold story of Alice Guy-Blache.","","|a791.43023 GUY","2020-01-22 15:57:58-06",13,"advdn"
"27","Never look away","","|aDVD N WORLD (GERMAN)","2019-12-20 11:38:50-06",12,"advdf"
"27","The egg : life's perfect invention","","|a571.468 E","2020-01-02 17:14:25-06",13,"advdn"
"27","Captain Toad :  treasure tracker.","","|aNINTENDO SWITCH-C","2020-01-09 16:20:45-06",45,"jvg  "
"27","The hustle","","|aBLU-RAY H COMEDY","2020-01-16 17:31:16-06",12,"abdf "
"27","The hustle","","|aBLU-RAY H COMEDY","2020-01-23 13:28:14-06",23,"abhp "
"27","The hustle","","|aDVD H COMEDY","2020-01-27 11:23:16-06",12,"advdf"
"27","LEGO city undercover","","|aNINTENDO SWITCH-L","2020-01-10 14:53:07-06",45,"jvg  "
"27","After darkness","","|aDVD A SF/FANTASY","2020-01-18 14:10:41-06",12,"advdf"
"27","Pokémon Detective Pikachu","","|aDVD P","2020-01-18 11:40:42-06",40,"jdvh "
"27","Mia and the white lion : quest for freedom","","|aDVD M ACTION/ADVENTURE","2020-01-09 12:18:52-06",12,"advdf"
"27","Teen beach movie [videorecording]","","|aDVD T","2020-01-25 14:49:19-06",38,"jdvdf"
"27","Pokémon Detective Pikachu","","|aDVD P","2020-01-26 12:22:00-06",40,"jdvh "
"27","The mustang","","|aDVD M DRAMA","2020-01-22 20:48:26-06",12,"advdf"
"27","Five feet apart.","","|aDVD F DRAMA","2020-01-17 19:25:07-06",12,"advdf"
"27","The public","","|aBLU-RAY P DRAMA","2019-12-22 16:50:51-06",12,"abdf "
"27","Better call Saul. Season four.","","|aBET SEASON 4","2020-01-21 19:08:05-06",12,"advv "
"27","Long shot","","|aBLU-RAY L COMEDY","2020-01-07 20:34:17-06",12,"abdf "
"27","An acceptable loss.","","|aBLU-RAY A DRAMA","2019-12-27 17:02:05-06",12,"abdf "
"27","Agents of S.H.I.E.L.D. The complete fifth season.","","|aAGE SEASON 5","2019-12-20 16:56:16-06",12,"abdv "
"27","Shadow","","|aDVD S WORLD (CHINESE)","2020-01-13 18:07:34-06",12,"advdf"
"27","After the storm","","|aAFT","2020-01-19 16:34:21-06",12,"advv "
"27","101 dalmatians II [videorecording] : Patch's London adventure","","|aDVD DIS","2020-01-20 17:55:42-06",38,"jdvdf"
"27","The curse of La Llorona","","|aBLU-RAY C HORROR","2020-01-14 13:48:01-06",12,"abdf "
"27","It.","","|aDVD I HORROR","2020-01-08 20:47:02-06",12,"advdf"
"27","Metro exodus","","|aPLAYSTATION 4-M","2020-01-15 13:15:59-06",24,"avg  "
"27","The best of enemies","","|aDVD B DRAMA","2020-01-07 17:59:12-06",12,"advdf"
"27","Tom Clancy's Jack Ryan. Season one","","|aJAC SEASON 1","2020-01-16 19:42:15-06",12,"advv "
"27","The upside","","|aDVD U COMEDY","2020-01-23 12:05:31-06",12,"advdf"
"27","Chasing the moon.","","|a629.454 C","2019-12-23 16:07:18-06",13,"abdn "
"27","Unplanned.","","|aDVD U DRAMA","2020-01-21 12:20:20-06",12,"advdf"
"27","Unplanned.","","|aDVD U DRAMA","2020-01-23 14:49:11-06",12,"advdf"
"27","The biggest little farm","","|a630 BIG","2020-01-15 11:57:01-06",13,"advdn"
"27","Booksmart","","|aDVD B COMEDY","2020-01-21 13:14:51-06",23,"advh "
"27","Dragged across concrete.","","|aBLU-RAY D DRAMA","2020-01-13 19:39:18-06",12,"abdf "
"27","Liar. Season one","","|aLIA SEASON 1","2019-12-20 13:31:23-06",12,"advv "
"27","Dumbo","","|aDVD D","2020-01-09 13:28:55-06",38,"jdvdf"
"27","The intruder","","|aBLU-RAY I DRAMA","2019-12-31 10:03:44-06",12,"abdf "
"27","Pokémon Detective Pikachu","","|aDVD P","2020-01-14 18:58:08-06",40,"jdvh "
"27","Hellboy","","|aBLU-RAY H SF/FANTASY","2019-12-30 16:08:21-06",12,"abdf "
"27","The biggest little farm","","|a630 BIG","2020-01-18 09:08:22-06",23,"advh "
"27","Wonder park","","|aDVD W","2020-01-25 16:57:32-06",40,"jdvh "
"26","The best of enemies","","|aDVD B DRAMA","2020-01-08 16:33:48-06",12,"advdf"
"26","Captive state","","|aDVD C SF/FANTASY","2020-01-17 20:53:47-06",12,"advdf"
"26","The public","","|aDVD P DRAMA","2020-01-20 15:13:03-06",12,"advdf"
"26","Ruben Brandt, collector.","","|aDVD R DRAMA","2019-12-08 13:20:21-06",12,"advdf"
"26","High life","","|aBLU-RAY H SF/FANTASY","2019-12-21 13:29:22-06",12,"abdf "
"26","All is true.","","|aDVD A DRAMA","2020-01-24 12:52:52-06",23,"advh "
"26","Far from the tree","","|a305.908083 F","2020-01-17 14:12:39-06",13,"advdn"
"26","Breakthrough","","|aBLU-RAY B DRAMA","2019-12-26 15:47:43-06",12,"abdf "
"26","John Wick","","|aDVD J ACTION/ADVENTURE","2019-12-19 16:19:32-06",12,"advdf"
"26","Against the clock","","|aDVD A SF/FANTASY","2020-01-17 14:10:45-06",12,"advdf"
"26","The LEGO movie 2 videogame.","","|aNINTENDO SWITCH-L","2020-01-14 14:51:04-06",45,"jvg  "
"26","Cold pursuit.","","|aDVD C ACTION/ADVENTURE","2019-12-29 12:39:31-06",12,"advdf"
"26","Ma","","|aDVD M HORROR","2020-01-21 12:57:11-06",23,"advh "
"26","Fireman Sam.","","|aDVD F","2019-12-31 15:01:43-06",38,"jdvdp"
"26","The hustle","","|aDVD H COMEDY","2020-01-11 12:25:40-06",12,"advdf"
"26","Cold pursuit.","","|aDVD C ACTION/ADVENTURE","2020-01-05 15:46:29-06",12,"advdf"
"26","Teen spirit.","","|aDVD T DRAMA","2019-12-30 14:50:53-06",12,"advdf"
"26","Titans. The complete first season.","","|aTIT SEASON 1","2019-12-28 16:51:43-06",12,"advv "
"26","The tomorrow man","","|aDVD T DRAMA","2020-01-10 14:42:22-06",12,"advdf"
"26","The LEGO movie 2 videogame.","","|aNINTENDO SWITCH-L","2020-01-11 11:07:33-06",45,"jvg  "
"26","Hellboy","","|aBLU-RAY H SF/FANTASY","2019-12-09 14:00:53-06",12,"abdf "
"26","The white crow","","|aDVD W DRAMA","2020-01-14 15:25:17-06",12,"advdf"
"26","Captain Marleau. Volume 2","","|aCAP VOLUME 2","2019-12-30 10:30:28-06",12,"advv "
"26","The tomorrow man","","|aDVD T DRAMA","2020-01-23 15:14:29-06",12,"advdf"
"26","The tomorrow man","","|aDVD T DRAMA","2020-01-24 16:46:20-06",12,"advdf"
"26","The sun is also a star","","|aDVD S DRAMA","2020-01-16 12:56:35-06",23,"advh "
"26","Snipperclips plus : cut it out, together!","","|aNINTENDO SWITCH-S","2020-01-24 17:12:51-06",45,"jvg  "
"26","The hustle","","|aDVD H COMEDY","2020-01-19 17:10:18-06",12,"advdf"
"26","Tolkien","","|aDVD T DRAMA","2020-01-21 14:09:18-06",23,"advh "
"26","John Wick. Chapter 2","","|aDVD J ACTION/ADVENTURE","2020-01-15 14:01:52-06",12,"advdf"
"26","John Wick. Chapter 2","","|aDVD J ACTION/ADVENTURE","2020-01-04 15:16:27-06",12,"advdf"
"26","Blue bloods. The ninth season","","|aBLU SEASON 9","2020-01-16 13:44:49-06",12,"advv "
"26","Shazam!","","|aBLU-RAY S ACTION/ADVENTURE","2020-01-20 17:53:11-06",12,"abdf "
"26","Captain Marvel.","","|aDVD C ACTION/ADVENTURE","2020-01-15 15:05:37-06",12,"advdf"
"26","The white crow","","|aDVD W DRAMA","2020-01-16 12:36:39-06",12,"advdf"
"26","Howie Mandel's animals doing things. Season 2.","","|a591.5 HOW","2020-01-06 11:26:50-06",13,"advdn"
"26","John Wick","","|aDVD J ACTION/ADVENTURE","2020-01-08 14:47:05-06",12,"advdf"
"26","The public","","|aDVD P DRAMA","2020-01-25 17:26:50-06",12,"advdf"
"26","Paw patrol. The great snow rescue","","|aDVD P","2020-01-06 16:44:39-06",38,"jdvdp"
"26","On the basis of sex","","|aDVD O DRAMA","2020-01-18 13:38:10-06",12,"advdf"
"26","The intruder","","|aDVD I DRAMA","2020-01-03 15:56:59-06",12,"advdf"
"26","Above the shadows.","","|aDVD A DRAMA","2020-01-23 13:08:44-06",12,"advdf"
"26","From the Earth to the moon","","|aFRO ","2019-12-05 18:14:40-06",12,"advv "
"26","The public","","|aBLU-RAY P DRAMA","2019-12-30 16:55:07-06",12,"abdf "
"26","Isn't it romantic","","|aDVD I COMEDY","2020-01-19 14:49:56-06",12,"advdf"
"26","The public","","|aBLU-RAY P DRAMA","2020-01-13 09:06:47-06",12,"abdf "
"26","Shadow","","|aDVD S WORLD (CHINESE)","2020-01-24 20:31:46-06",12,"advdf"
"26","Hail Satan?","","|a261.72 HAI","2020-01-03 17:21:32-06",13,"advdn"
"26","Shakespeare & Hathaway : private investigators. Season two.","","|aSHA SEASON 2","2019-12-27 15:57:13-06",12,"advv "
"26","Alcatraz.","","|aDVD A ACTION/ADVENTURE","2020-01-14 17:27:55-06",12,"advdf"
"26","Never look away","","|aDVD N WORLD (GERMAN)","2020-01-22 17:02:35-06",12,"advdf"
"26","The mustang","","|aDVD M DRAMA","2020-01-20 14:37:01-06",12,"advdf"
"26","Jumanji. Welcome to the jungle","","|aDVD J ACTION/ADVENTURE","2020-01-27 10:56:27-06",12,"advdf"
"26","Saint Judy","","|aDVD S DRAMA","2020-01-05 17:59:08-06",12,"advdf"
"26","Tolkien","","|aDVD T DRAMA","2020-01-07 10:47:28-06",12,"advdf"
"26","Shadow","","|aBLU-RAY S WORLD (CHINESE)","2020-01-14 13:27:01-06",12,"abdf "
"26","The last survivors","","|a940.53180922 L","2019-12-30 16:28:22-06",13,"advdn"
"26","Jumanji. Welcome to the jungle","","|aDVD J ACTION/ADVENTURE","2020-01-05 15:14:07-06",12,"advdf"
"26","Brightburn","","|aBLU-RAY B HORROR","2020-01-17 13:36:35-06",12,"abdf "
"26","Little","","|aBLU-RAY L COMEDY","2019-12-30 15:04:14-06",12,"abdf "
"26","Ma","","|aBLU-RAY M HORROR","2020-01-25 11:14:33-06",23,"abhp "
"26","Ma","","|aDVD M HORROR","2020-01-18 09:46:07-06",12,"advdf"
"26","The LEGO movie 2. The second part","","|aDVD L","2020-01-20 19:24:17-06",38,"jdvdf"
"26","Tolkien","","|aDVD T DRAMA","2020-01-06 15:21:37-06",23,"advh "
"26","Little","","|aDVD L COMEDY","2020-01-15 20:35:02-06",12,"advdf"
"26","I am the night","","|aI","2020-01-18 12:58:06-06",12,"advv "
"26","The Sandhamn murders. Volume 2","","|aSAN VOLUME 2","2020-01-21 15:39:21-06",12,"advv "
"26","Tolkien","","|aDVD T DRAMA","2020-01-22 15:39:29-06",12,"advdf"
"26","The intruder","","|aDVD I DRAMA","2019-12-29 14:49:03-06",23,"advh "
"26","All is true.","","|aDVD A DRAMA","2020-01-21 13:14:47-06",23,"advh "
"26","Jamestown. Season 3.","","|aJAM SEASON 3","2020-01-16 12:12:41-06",12,"advv "
"26","Another shot","","|a796.323 A","2020-01-02 13:44:24-06",13,"advdn"
"26","Brexit : the uncivil war.","","|aBRE","2020-01-17 10:18:24-06",12,"advv "
"26","The intruder","","|aBLU-RAY I DRAMA","2019-12-16 20:14:40-06",12,"abdf "
"26","Little Woods.","","|aDVD L DRAMA","2019-12-26 20:54:38-06",12,"advdf"
"26","The hustle","","|aDVD H COMEDY","2020-01-18 15:17:19-06",23,"advh "
"26","The hustle","","|aDVD H COMEDY","2020-01-15 16:54:09-06",23,"advh "
"26","Pokémon Detective Pikachu","","|aBLU-RAY P","2020-01-12 12:35:54-06",40,"jbhp "
"26","Everybody knows","","|aBLU-RAY E WORLD (SPANISH)","2020-01-07 18:44:43-06",12,"abdf "
"26","Second act","","|aDVD S COMEDY","2020-01-18 16:16:19-06",12,"advdf"
"26","Amazing grace","","|a782.254 FRA","2020-01-21 12:20:09-06",23,"advh "
"26","Instant family.","","|aDVD I COMEDY","2020-01-04 17:45:36-06",12,"advdf"
"26","Breakthrough","","|aDVD B DRAMA","2020-01-08 16:33:51-06",12,"advdf"
"26","The aftermath.","","|aBLU-RAY A DRAMA","2020-01-14 19:26:27-06",12,"abdf "
"26","Rocketman","","|aDVD R DRAMA","2020-01-24 15:48:38-06",12,"advdf"
"26","Transit","","|aDVD T WORLD (MULTILINGUAL)","2020-01-18 12:33:35-06",12,"advdf"
"26","Rocketman","","|aDVD R DRAMA","2020-01-21 09:52:58-06",12,"advdf"
"26","The hustle","","|aBLU-RAY H COMEDY","2020-01-15 13:42:23-06",23,"abhp "
"26","The hummingbird project.","","|aDVD H DRAMA","2019-12-30 14:28:03-06",12,"advdf"
"26","Kirby. Star Allies","","|aNINTENDO SWITCH-K","2020-01-06 17:06:33-06",45,"jvg  "
"26","Transit","","|aBLU-RAY T WORLD (MULTILINGUAL)","2020-01-15 09:51:04-06",12,"abdf "
"26","Godzilla : king of the monsters","","|aBLU-RAY G SF/FANTASY","2020-01-15 20:52:19-06",12,"abdf "
"26","Working woman.","","|aDVD W WORLD (HEBREW)","2020-01-02 12:48:51-06",12,"advdf"
"26","Amazing grace","","|a782.254 FRA","2020-01-17 18:17:45-06",13,"advdn"
"26","Transit","","|aBLU-RAY T WORLD (MULTILINGUAL)","2019-12-26 17:49:56-06",12,"abdf "
"26","We have always lived in the castle","","|aDVD W HORROR","2020-01-11 15:50:03-06",23,"advh "
"26","Hotel Mumbai","","|aDVD H DRAMA","2020-01-16 17:18:16-06",12,"advdf"
"26","Pimped","","|aDVD P DRAMA","2020-01-13 17:36:19-06",12,"advdf"
"26","Better call Saul. Season four.","","|aBET SEASON 4","2019-12-26 20:10:57-06",12,"advv "
"26","Casino","","|aBLU-RAY C DRAMA","2020-01-19 17:48:55-06",12,"abdf "
"26","We die young.","","|aDVD W ACTION/ADVENTURE","2020-01-21 10:00:22-06",12,"advdf"
"26","The hustle","","|aDVD H COMEDY","2020-01-28 16:56:00-06",12,"advdf"
"26","Wonder park","","|aDVD W","2020-01-17 14:31:00-06",40,"jdvh "
"26","The dead don't die","","|aBLU-RAY D COMEDY","2020-01-20 18:00:16-06",23,"abhp "
"26","High life","","|aDVD H SF/FANTASY","2019-12-28 11:17:47-06",23,"advh "
"26","Camping.","","|aCAM","2020-01-20 14:34:06-06",12,"advv "
"26","Vault","","|aDVD V DRAMA","2020-01-17 18:51:21-06",12,"advdf"
"26","High life","","|aBLU-RAY H SF/FANTASY","2020-01-20 17:00:17-06",12,"abdf "
"26","Killing Eve. Season two","","|aKIL SEASON 2","2020-01-13 10:46:03-06",12,"advv "
"26","Isn't it romantic","","|aDVD I COMEDY","2020-01-13 13:25:27-06",12,"advdf"
"26","The biggest little farm","","|a630 BIG","2020-01-23 17:19:34-06",23,"advh "
"26","The city & the city","","|aCIT","2020-01-08 11:36:37-06",12,"advv "
"26","Poms","","|aDVD P COMEDY","2019-12-17 15:48:15-06",12,"advdf"
"26","Unplanned.","","|aDVD U DRAMA","2020-01-17 19:01:43-06",23,"advh "
"26","Poms","","|aDVD P COMEDY","2019-12-31 13:21:40-06",12,"advdf"
"26","Poms","","|aDVD P COMEDY","2020-01-22 18:30:29-06",23,"advh "
"26","Batman. Hush","","|aDVD B SF/FANTASY","2020-01-21 10:33:22-06",12,"advdf"
"26","Body at Brighton Rock","","|aDVD B DRAMA","2019-12-30 17:43:54-06",12,"advdf"
"26","Mario tennis aces.","","|aNINTENDO SWITCH-M","2020-01-11 11:09:48-06",45,"jvg  "
"25","Captive state","","|aDVD C SF/FANTASY","2019-12-23 10:46:11-06",12,"advdf"
"25","Booksmart","","|aDVD B COMEDY","2020-01-06 18:05:42-06",12,"advdf"
"25","Pokémon Detective Pikachu","","|aDVD P","2020-01-19 17:08:46-06",40,"jdvh "
"25","Ugly dolls","","|aBLU-RAY U","2020-01-27 09:47:12-06",40,"jbhp "
"25","Triple threat","","|aDVD T ACTION/ADVENTURE","2020-01-04 15:54:50-06",12,"advdf"
"25","Poms","","|aBLU-RAY P COMEDY","2020-01-08 17:36:46-06",12,"abdf "
"25","Jumanji. Welcome to the jungle","","|aDVD J ACTION/ADVENTURE","2020-01-21 10:00:24-06",12,"advdf"
"25","Jumanji. Welcome to the jungle","","|aDVD J ACTION/ADVENTURE","2020-01-16 12:06:21-06",12,"advdf"
"25","Tolkien","","|aDVD T DRAMA","2020-01-20 09:09:38-06",23,"advh "
"25","Hellboy","","|aDVD H SF/FANTASY","2020-01-17 14:57:04-06",12,"advdf"
"25","Batman vs Teenage Mutant Ninja Turtles","","|aBLU-RAY B SF/FANTASY","2020-01-17 11:19:48-06",12,"abdf "
"25","Play or die","","|aDVD P HORROR","2020-01-28 11:40:14-06",12,"advdf"
"25","The LEGO movie 2. The second part","","|aDVD L","2020-01-16 19:38:18-06",38,"jdvdf"
"25","The sun is also a star","","|aDVD S DRAMA","2020-01-30 08:56:23-06",12,"advdf"
"25","They shall not grow old","","|a940.3 T","2020-01-02 13:55:25-06",13,"advdn"
"25","A dog's journey.","","|aDVD D DRAMA","2020-01-21 15:06:48-06",23,"advh "
"25","Paw patrol. The great pirate rescue!.","","|aDVD P","2019-12-29 14:47:29-06",38,"jdvdp"
"25","Missing link","","|aDVD M","2020-01-09 20:13:09-06",40,"jdvh "
"25","The white crow","","|aDVD W DRAMA","2020-01-18 13:19:49-06",23,"advh "
"25","The upside","","|aDVD U COMEDY","2020-01-25 13:03:51-06",12,"advdf"
"25","After","","|aDVD A DRAMA","2019-12-31 10:33:46-06",12,"advdf"
"25","The upside","","|aDVD U COMEDY","2020-01-18 15:21:39-06",12,"advdf"
"25","Splatoon 2.","","|aNINTENDO SWITCH-S","2020-01-22 17:41:29-06",45,"jvg  "
"25","Straight forward. [Season 1].","","|aSTR SEASON 1","2020-01-04 09:40:34-06",12,"advv "
"25","Alita : battle angel","","|aBLU-RAY A ACTION/ADVENTURE","2019-12-26 15:13:31-06",12,"abdf "
"25","The upside","","|aDVD U COMEDY","2020-01-12 13:08:28-06",12,"advdf"
"25","Paw patrol. Meet Everest!","","|aDVD P","2020-01-10 11:38:12-06",38,"jdvdp"
"25","The tomorrow man","","|aDVD T DRAMA","2020-01-19 16:17:43-06",23,"advh "
"25","After","","|aDVD A DRAMA","2019-12-31 15:05:57-06",12,"advdf"
"25","A dog's journey.","","|aDVD D DRAMA","2020-01-15 17:07:40-06",12,"advdf"
"25","The sun is also a star","","|aDVD S DRAMA","2020-01-22 20:41:13-06",23,"advh "
"25","Cold pursuit.","","|aDVD C ACTION/ADVENTURE","2020-01-22 17:53:50-06",12,"advdf"
"25","Paw patrol. Ultimate rescue.","","|aDVD P","2020-01-10 18:09:00-06",38,"jdvdp"
"25","Donnybrook","","|aDVD D ACTION/ADVENTURE","2020-01-18 12:58:54-06",12,"advdf"
"25","The upside","","|aDVD U COMEDY","2020-01-13 20:46:21-06",12,"advdf"
"25","Team Sonic racing.","","|aNINTENDO SWITCH-T","2020-01-03 10:45:00-06",45,"jvg  "
"25","Splatoon 2.","","|aNINTENDO SWITCH-S","2020-01-19 14:41:00-06",45,"jvg  "
"25","Long shot","","|aDVD L COMEDY","2020-01-20 13:27:38-06",12,"advdf"
"25","Long shot","","|aDVD L COMEDY","2020-01-14 10:48:50-06",12,"advdf"
"25","Long shot","","|aDVD L COMEDY","2020-01-18 17:36:48-06",12,"advdf"
"25","Blood","","|aBLO","2019-12-12 17:47:11-06",12,"advv "
"25","Gunpowder","","|aGUN","2019-11-29 15:37:40-06",12,"advv "
"25","Family","","|aDVD F COMEDY","2020-01-25 17:10:11-06",12,"advdf"
"25","Five feet apart.","","|aDVD F DRAMA","2020-01-20 14:37:08-06",12,"advdf"
"25","Okko's Inn.","","|aOKK","2020-01-02 19:56:03-06",12,"adva "
"25","Killers anonymous.","","|aDVD K ACTION/ADVENTURE","2020-01-14 16:45:20-06",12,"advdf"
"25","The white crow","","|aDVD W DRAMA","2020-01-23 16:21:50-06",23,"advh "
"25","Ma","","|aDVD M HORROR","2020-01-23 12:19:10-06",12,"advdf"
"25","Super Mario 64 DS.","","|aNINTENDO DS-S","2020-01-10 14:53:16-06",45,"jvg  "
"25","Smallfoot","","|aDVD S","2020-01-10 10:10:32-06",38,"jdvdf"
"25","Long shot","","|aDVD L COMEDY","2020-01-13 11:37:17-06",12,"advdf"
"25","Batman. Hush","","|aBLU-RAY B SF/FANTASY","2020-01-14 16:03:18-06",12,"abdf "
"25","Tolkien","","|aBLU-RAY T DRAMA","2020-01-23 12:32:01-06",12,"abdf "
"25","Acts of violence","","|aDVD A ACTION/ADVENTURE","2020-01-24 18:37:13-06",12,"advdf"
"25","No manches Frida 2.","","|aDVD N WORLD (SPANISH)","2020-01-17 17:14:48-06",12,"advdf"
"25","Time & again.","","|aDVD T WORLD (TAGALOG)","2020-01-17 16:11:25-06",12,"advdf"
"25","Brockmire. The complete first season","","|aBRO SEASON 1","2020-01-18 10:48:35-06",12,"advv "
"25","Sauvage/wild.","","|aDVD S WORLD (FRENCH)","2020-01-25 13:14:17-06",12,"advdf"
"25","American gods. Season two.","","|aAME SEASON 2","2019-12-27 16:09:59-06",12,"abdv "
"25","Nekrotronic.","","|aDVD N HORROR","2020-01-23 13:57:32-06",12,"advdf"
"25","Godzilla : king of the monsters","","|aDVD G SF/FANTASY","2020-01-22 12:15:10-06",23,"advh "
"25","No surrender.","","|aDVD N ACTION/ADVENTURE","2019-12-27 14:51:17-06",12,"advdf"
"25","Brightburn","","|aDVD B HORROR","2020-01-12 15:35:04-06",23,"advh "
"25","Framed for murder : a fixer upper mystery","","|aFRA","2020-01-10 16:11:08-06",12,"advv "
"25","In search of greatness","","|a796.0922 I","2020-01-02 13:43:49-06",13,"advdn"
"25","The Mueller investigation.","","|a324.9730932 M","2019-12-28 10:31:53-06",13,"advdn"
"25","London kills. Series 1.","","|aLON SERIES 1","2020-01-02 15:32:06-06",12,"advv "
"25","Apollo 11","","|a629.454 A","2020-01-14 16:44:41-06",13,"advdn"
"25","Tolkien","","|aDVD T DRAMA","2020-01-04 14:22:33-06",12,"advdf"
"25","Brightburn","","|aDVD B HORROR","2020-01-22 18:54:30-06",12,"advdf"
"25","The last black man in San Francisco.","","|aDVD L DRAMA","2020-01-27 20:02:11-06",12,"advdf"
"25","The last black man in San Francisco.","","|aDVD L DRAMA","2020-01-21 11:17:42-06",23,"advh "
"25","Bohemian Rhapsody","","|aDVD B DRAMA","2020-01-13 15:38:48-06",12,"advdf"
"25","Mortal kombat 11","","|aPLAYSTATION 4-M","2020-01-17 16:13:49-06",24,"avg  "
"25","Godzilla : king of the monsters","","|aDVD G SF/FANTASY","2020-01-05 13:59:36-06",12,"advdf"
"25","Pokémon : let's go Pikachu!.","","|aNINTENDO SWITCH-P","2020-01-09 16:20:41-06",45,"jvg  "
"25","The intruder","","|aDVD I DRAMA","2020-01-27 12:15:55-06",12,"advdf"
"25","The man who killed Don Quixote","","|aBLU-RAY M ACTION/ADVENTURE","2020-01-09 18:38:55-06",12,"abdf "
"25","Saint Judy","","|aDVD S DRAMA","2019-12-28 12:45:09-06",23,"advh "
"25","The best of enemies","","|aBLU-RAY B DRAMA","2020-01-17 14:43:15-06",12,"abdf "
"25","Transit","","|aBLU-RAY T WORLD (MULTILINGUAL)","2020-01-13 09:06:56-06",12,"abdf "
"25","Missing link","","|aDVD M","2020-01-23 16:23:21-06",40,"jdvh "
"25","Brexit : the uncivil war.","","|aBRE","2020-01-02 20:10:34-06",12,"advv "
"25","Godzilla : king of the monsters","","|aDVD G SF/FANTASY","2019-12-27 15:40:32-06",12,"advdf"
"25","El chicano","","|aBLU-RAY C ACTION/ADVENTURE","2019-12-27 18:49:27-06",12,"abdf "
"25","Endeavour. The complete sixth season","","|aEND SEASON 6","2020-01-10 09:47:41-06",12,"advv "
"25","SPL Lab Tech","","|aXbox One Controller GAM04-B","2019-12-13 16:08:21-06",55,"jlte "
"25","Isn't it romantic","","|aDVD I COMEDY","2020-01-07 09:43:37-06",12,"advdf"
"25","The intruder","","|aDVD I DRAMA","2020-01-12 16:21:13-06",12,"advdf"
"25","Mrs. Wilson","","|aMRS","2019-12-20 14:14:11-06",12,"advv "
"25","Pixar short films collection. Volume 3.","","|aDVD DIS","2020-01-13 11:14:19-06",38,"jdvdf"
"25","All is true.","","|aBLU-RAY A DRAMA","2020-01-16 13:13:10-06",23,"abhp "
"25","Breakthrough","","|aDVD B DRAMA","2019-12-27 14:25:47-06",23,"advh "
"25","The hustle","","|aDVD H COMEDY","2020-01-21 15:42:30-06",23,"advh "
"25","The hustle","","|aDVD H COMEDY","2020-01-18 16:24:43-06",23,"advh "
"25","Gotham. The fifth and final season.","","|aGOT SEASON 5","2020-01-21 14:08:35-06",12,"advv "
"25","Godzilla : king of the monsters","","|aBLU-RAY G SF/FANTASY","2020-01-08 20:46:59-06",12,"abdf "
"25","The hustle","","|aDVD H COMEDY","2020-01-16 16:31:27-06",23,"advh "
"25","La vida misma = Life itself","","|aDVD V WORLD (SPANISH)","2019-12-12 14:02:56-06",12,"advdf"
"25","The hustle","","|aDVD H COMEDY","2020-01-18 10:01:19-06",23,"advh "
"25","Ma","","|aDVD M HORROR","2020-01-24 09:35:23-06",12,"advdf"
"25","Grantchester. Season 4.","","|aGRA SEASON 4","2019-12-21 11:52:11-06",12,"abdv "
"25","Avengers. Endgame.","","|aBLU-RAY A ACTION/ADVENTURE","2020-01-16 11:32:45-06",12,"abdf "
"25","Amazing grace","","|a782.254 FRA","2020-01-20 15:26:20-06",13,"advdn"
"25","Breakthrough","","|aBLU-RAY B DRAMA","2020-01-09 17:40:36-06",12,"abdf "
"25","The assault.","","|aDVD A ACTION/ADVENTURE","2020-01-13 19:25:49-06",12,"advdf"
"25","High life","","|aBLU-RAY H SF/FANTASY","2019-12-21 16:36:12-06",23,"abhp "
"25","Amazing grace","","|a782.254 FRA","2020-01-14 16:24:00-06",23,"advh "
"25","Rocketman","","|aDVD R DRAMA","2020-01-15 15:59:51-06",12,"advdf"
"25","Rocketman","","|aDVD R DRAMA","2020-01-21 13:05:25-06",23,"advh "
"25","The great Buster : a celebration","","|a791.43028 K25gr","2019-12-26 13:01:36-06",13,"advdn"
"25","Everybody knows","","|aBLU-RAY E WORLD (SPANISH)","2019-12-19 15:57:04-06",12,"abdf "
"25","X-Men. Dark Phoenix","","|aBLU-RAY X SF/FANTASY","2020-01-18 13:34:38-06",12,"abdf "
"25","Ye Wen wai zhuan : Zhang Tianzhi = Master Z : the Ip legacy","","|aDVD M WORLD (CHINESE)","2020-01-26 14:31:21-06",12,"advdf"
"25","Charlie says","","|aDVD C DRAMA","2020-01-17 16:13:37-06",12,"advdf"
"25","The flash. The complete fifth season","","|aFLA SEASON 5","2020-01-12 13:24:25-06",12,"advv "
"25","Missing link","","|aDVD M","2020-01-18 12:17:18-06",40,"jdvh "
"25","The hustle","","|aBLU-RAY H COMEDY","2020-01-16 17:01:42-06",12,"abdf "
"25","Bratz.","","|aDVD B","2020-01-10 20:40:51-06",38,"jdvdf"
"25","Dumbo","","|aDVD D","2020-01-20 11:56:17-06",38,"jdvdf"
"25","Hotel Mumbai","","|aDVD H DRAMA","2019-12-31 09:05:07-06",12,"advdf"
"25","Bratz. Girlz really rock  : a Bratz musical!.","","|aDVD B","2020-01-10 20:41:39-06",38,"jdvdf"
"25","Avengers. Endgame","","|aDVD A ACTION/ADVENTURE","2020-01-23 20:32:50-06",12,"advdf"
"25","Get Shorty. The complete second season","","|aGET SEASON 2","2020-01-21 14:06:40-06",12,"advv "
"25","The dead don't die","","|aDVD D COMEDY","2020-01-29 11:04:40-06",23,"advh "
"25","The curse of La Llorona","","|aBLU-RAY C HORROR","2020-01-24 18:43:24-06",12,"abdf "
"25","Mega Man 11","","|aNINTENDO SWITCH-M","2020-01-03 17:58:29-06",45,"jvg  "
"25","The curse of La Llorona","","|aDVD C HORROR","2020-01-17 14:57:14-06",12,"advdf"
"25","Crazy rich Asians","","|aDVD C COMEDY","2020-01-18 14:04:51-06",12,"advdf"
"25","Maze","","|aDVD M ACTION/ADVENTURE","2020-01-22 17:02:35-06",12,"advdf"
"25","Maze","","|aDVD M ACTION/ADVENTURE","2020-01-26 15:14:01-06",12,"advdf"
"25","Rocket league.","","|aNINTENDO SWITCH-R","2019-12-27 19:31:21-06",45,"jvg  "
"25","High life","","|aBLU-RAY H SF/FANTASY","2020-01-13 12:34:06-06",23,"abhp "
"25","High life","","|aBLU-RAY H SF/FANTASY","2020-01-17 19:22:10-06",12,"abdf "
"25","Killing Eve. Season two","","|aKIL SEASON 2","2020-01-03 16:35:00-06",12,"advv "
"25","High life","","|aBLU-RAY H SF/FANTASY","2019-12-30 20:11:47-06",23,"abhp "
"25","Poms","","|aDVD P COMEDY","2020-01-19 14:50:06-06",12,"advdf"
"25","The brink.","","|a324.9730932 B","2019-12-23 15:53:17-06",13,"advdn"
"25","Poms","","|aDVD P COMEDY","2020-01-20 17:24:10-06",23,"advh "
"25","The cleaning lady.","","|aDVD C HORROR","2020-01-19 12:21:00-06",12,"advdf"
"25","Killing Eve.","","|aKIL SEASON 1","2020-01-04 16:26:10-06",12,"abdv "
"25","The biggest little farm","","|a630 BIG","2020-01-16 20:55:47-06",13,"advdn"
"25","Okko's Inn.","","|aOKK","2020-01-18 12:13:55-06",12,"adva "
"25","The public","","|aBLU-RAY P DRAMA","2020-01-13 19:39:09-06",12,"abdf "
"24","Pokémon Detective Pikachu","","|aDVD P","2020-01-22 16:26:49-06",40,"jdvh "
"24","Drunk parents.","","|aDVD D COMEDY","2019-12-16 11:13:48-06",12,"advdf"
"24","True detective. The complete third season","","|aTRU SEASON 3","2020-01-26 14:07:17-06",12,"advv "
"24","High life","","|aBLU-RAY H SF/FANTASY","2019-12-28 10:31:45-06",12,"abdf "
"24","Marcella. Season two.","","|aMAR SEASON 2","2020-01-07 14:45:34-06",12,"advv "
"24","The best of enemies","","|aDVD B DRAMA","2020-01-20 18:00:12-06",12,"advdf"
"24","Pokémon Detective Pikachu","","|aDVD P","2020-01-05 13:41:03-06",38,"jdvdf"
"24","Pokémon Detective Pikachu","","|aDVD P","2020-01-06 19:40:24-06",38,"jdvdf"
"24","Pokémon Detective Pikachu","","|aDVD P","2020-01-11 17:48:49-06",38,"jdvdf"
"24","The aftermath.","","|aDVD A DRAMA","2020-01-20 14:37:33-06",12,"advdf"
"24","The best of enemies","","|aBLU-RAY B DRAMA","2020-01-09 12:10:19-06",12,"abdf "
"24","Transit","","|aDVD T WORLD (MULTILINGUAL)","2020-01-09 17:04:01-06",12,"advdf"
"24","Pokémon Detective Pikachu","","|aDVD P","2019-12-28 15:35:47-06",38,"jdvdf"
"24","Pokémon Detective Pikachu","","|aBLU-RAY P","2020-01-07 14:34:03-06",40,"jbhp "
"24","The aftermath.","","|aDVD A DRAMA","2019-12-01 14:28:18-06",12,"advdf"
"24","Pokkén tournament DX.","","|aNINTENDO SWITCH-P","2020-01-22 17:41:29-06",45,"jvg  "
"24","Pokkén tournament DX.","","|aNINTENDO SWITCH-P","2020-01-05 15:33:45-06",45,"jvg  "
"24","Ma","","|aDVD M HORROR","2020-01-20 15:44:04-06",23,"advh "
"24","The Mueller investigation.","","|a324.9730932 M","2019-12-11 12:02:33-06",13,"advdn"
"24","Dragged across concrete.","","|aDVD D DRAMA","2020-01-05 12:26:04-06",12,"advdf"
"24","Bohemian Rhapsody","","|aDVD B DRAMA","2020-01-13 12:06:47-06",12,"advdf"
"24","Hellboy","","|aDVD H SF/FANTASY","2019-12-27 18:27:30-06",12,"advdf"
"24","Pokémon : let's go Pikachu!.","","|aNINTENDO SWITCH-P","2020-01-15 12:48:14-06",45,"jvg  "
"24","Hellboy","","|aDVD H SF/FANTASY","2019-12-30 12:40:30-06",12,"advdf"
"24","Dragged across concrete.","","|aDVD D DRAMA","2019-12-28 16:05:27-06",12,"advdf"
"24","Assassin's revenge.","","|aDVD A ACTION/ADVENTURE","2020-01-27 12:15:48-06",12,"advdf"
"24","MIB International","","|aDVD M COMEDY","2020-01-21 12:41:20-06",12,"advdf"
"24","Pet sematary","","|aDVD P HORROR","2020-01-20 14:37:18-06",12,"advdf"
"24","The Kid","","|aDVD K WESTERN","2020-01-13 14:46:49-06",12,"advdf"
"24","The Dick Van Dyke show.","","|aDIC SEASON 5","2020-01-27 14:30:00-06",12,"advv "
"24","Hellboy","","|aBLU-RAY H SF/FANTASY","2020-01-03 13:17:16-06",12,"abdf "
"24","Tolkien","","|aBLU-RAY T DRAMA","2020-01-13 19:02:23-06",12,"abdf "
"24","Titans. The complete first season.","","|aTIT SEASON 1","2020-01-03 14:01:49-06",12,"advv "
"24","A dog's journey.","","|aDVD D DRAMA","2020-01-24 12:58:29-06",12,"advdf"
"24","To dust","","|aDVD T DRAMA","2020-01-13 10:33:04-06",12,"advdf"
"24","Pitching in.","","|aPIT SERIES 1","2020-01-18 14:52:29-06",12,"advv "
"24","Dragon ball super. Part 07.","","|aDRA PART 7","2020-01-17 10:47:47-06",12,"adva "
"24","Teen beach 2","","|aZM DISN TB-2 W49","2020-01-16 20:27:13-06",36,"jcd  "
"24","Finding Josephine","","|aDVD F DRAMA","2019-12-13 13:37:00-06",12,"advdf"
"24","MIB International","","|aDVD M COMEDY","2020-01-11 11:29:00-06",12,"advdf"
"24","T-34","","|aDVD T WORLD (RUSSIAN)","2020-01-05 14:17:21-06",12,"advdf"
"24","Super Mario Maker 2.","","|aNINTENDO SWITCH-S","2020-01-09 17:36:50-06",45,"jvg  "
"24","Alita : battle angel","","|aBLU-RAY A ACTION/ADVENTURE","2020-01-05 14:35:19-06",12,"abdf "
"24","Donkey Kong country : tropical freeze.","","|aNINTENDO SWITCH-D","2020-01-03 20:52:38-06",45,"jvg  "
"24","The white crow","","|aDVD W DRAMA","2020-01-10 14:42:53-06",23,"advh "
"24","Stranger things 2","","|aSTR SEASON 2","2020-01-08 09:36:34-06",12,"advv "
"24","Sun, sand & romance","","|aSUN","2019-12-14 11:13:53-06",12,"advv "
"24","The white crow","","|aDVD W DRAMA","2020-01-18 14:32:11-06",12,"advdf"
"24","7 days to Vegas.","","|aDVD S COMEDY","2020-01-27 09:45:28-06",12,"advdf"
"24","The upside","","|aDVD U COMEDY","2019-12-26 12:33:23-06",12,"advdf"
"24","PAW patrol. Mighty pups","","|aDVD P","2020-01-21 15:31:53-06",38,"bjdvp"
"24","Sonic forces.","","|aNINTENDO SWITCH-S","2020-01-25 14:15:43-06",45,"jvg  "
"24","Sonic mania plus.","","|aNINTENDO SWITCH-S","2020-01-17 14:42:16-06",45,"jvg  "
"24","Smallfoot","","|aDVD S","2020-01-20 16:04:37-06",40,"jdvh "
"24","Snipperclips plus : cut it out, together!","","|aNINTENDO SWITCH-S","2020-01-04 10:20:10-06",45,"jvg  "
"24","MIB International","","|aDVD M COMEDY","2020-01-18 10:01:19-06",23,"advh "
"24","An acceptable loss.","","|aBLU-RAY A DRAMA","2020-01-02 10:46:33-06",12,"abdf "
"24","Alita : battle angel","","|aDVD A ACTION/ADVENTURE","2020-01-13 14:45:53-06",12,"advdf"
"24","MIB International","","|aBLU-RAY M COMEDY","2020-01-22 11:19:13-06",23,"abhp "
"24","The upside","","|aDVD U COMEDY","2020-01-24 10:04:49-06",12,"advdf"
"24","Fast color.","","|aBLU-RAY F SF/FANTASY","2019-12-22 14:20:33-06",23,"abhp "
"24","Lost in space. The complete first season","","|aLOS SEASON 1","2019-12-31 13:00:05-06",12,"advv "
"24","Armstrong","","|a629.450092 ARM","2020-01-03 12:56:42-06",13,"advdn"
"24","The souvenir","","|aDVD S DRAMA","2020-01-10 16:15:08-06",12,"advdf"
"24","On the basis of sex","","|aDVD O DRAMA","2020-01-18 17:36:40-06",12,"advdf"
"24","On the basis of sex","","|aDVD O DRAMA","2020-01-24 12:07:07-06",12,"advdf"
"24","The secret life of pets 2","","|aBLU-RAY S","2020-01-07 15:32:24-06",40,"jbhp "
"24","J.T. LeRoy","","|aDVD J DRAMA","2019-12-13 14:26:14-06",12,"advdf"
"24","The secret life of pets 2","","|aBLU-RAY S","2020-01-27 09:47:23-06",40,"jbhp "
"24","Cold blood","","|aDVD C ACTION/ADVENTURE","2020-01-22 14:56:28-06",12,"advdf"
"24","The public","","|aDVD P DRAMA","2020-01-02 09:50:16-06",23,"advh "
"24","The public","","|aDVD P DRAMA","2019-12-28 09:33:32-06",23,"advh "
"24","MIB International","","|aDVD M COMEDY","2020-01-19 15:59:26-06",12,"advdf"
"24","Climax.","","|aDVD C HORROR","2020-01-21 12:58:36-06",12,"advdf"
"24","A star is born","","|aDVD S DRAMA","2020-01-09 14:20:16-06",12,"advdf"
"24","Long shot","","|aDVD L COMEDY","2020-01-10 16:45:52-06",12,"advdf"
"24","MIB International","","|aDVD M COMEDY","2020-01-18 13:30:55-06",23,"advh "
"24","CTR : Crash team racing : nitro fueled","","|aNINTENDO SWITCH-C","2020-01-18 11:13:18-06",45,"jvg  "
"24","3 faces.","","|aDVD T WORLD (FARSI)","2019-11-30 15:56:34-06",12,"advdf"
"24","Shadow","","|aDVD S WORLD (CHINESE)","2020-01-16 17:30:47-06",12,"advdf"
"24","Fast color.","","|aDVD F SF/FANTASY","2020-01-17 14:12:18-06",12,"advdf"
"24","Shadow","","|aDVD S WORLD (CHINESE)","2020-01-22 10:48:25-06",12,"advdf"
"24","PAW patrol. Brave heroes, big rescues.","","|aDVD P","2020-01-12 17:02:42-06",38,"jdvdp"
"24","Into the badlands. The complete third season.","","|aINT SEASON 3","2020-01-04 15:17:58-06",12,"advv "
"24","Long shot","","|aBLU-RAY L COMEDY","2019-12-30 17:52:44-06",12,"abdf "
"24","The professor","","|aDVD P COMEDY","2019-12-12 12:39:46-06",12,"advdf"
"24","Into the ashes","","|aDVD I ACTION/ADVENTURE","2020-01-27 09:45:20-06",12,"advdf"
"24","Everybody knows","","|aDVD E WORLD (SPANISH)","2020-01-13 14:46:18-06",12,"advdf"
"24","Pet sematary","","|aDVD P HORROR","2019-12-20 18:16:01-06",12,"advdf"
"24","No manches Frida 2.","","|aDVD N WORLD (SPANISH)","2020-01-02 13:09:23-06",12,"advdf"
"24","Everybody knows","","|aBLU-RAY E WORLD (SPANISH)","2019-12-13 10:25:43-06",12,"abdf "
"24","Her smell.","","|aDVD H DRAMA","2020-01-28 13:36:36-06",12,"advdf"
"24","The phenom.","","|aDVD P DRAMA","2019-12-27 18:19:14-06",12,"advdf"
"24","Second act","","|aDVD S COMEDY","2020-01-20 13:06:15-06",12,"advdf"
"24","The other side of everything","","|a949.71 OTH","2020-01-20 20:41:41-06",13,"advdn"
"24","Never look away","","|aBLU-RAY N WORLD (GERMAN)","2019-12-27 12:59:36-06",12,"abdf "
"24","Into the ashes","","|aDVD I ACTION/ADVENTURE","2020-01-20 20:50:56-06",12,"advdf"
"24","Godzilla : king of the monsters","","|aDVD G SF/FANTASY","2020-01-24 11:45:39-06",23,"advh "
"24","Second act","","|aDVD S COMEDY","2020-01-21 10:00:27-06",12,"advdf"
"24","The professor and the madman","","|aDVD P DRAMA","2019-12-19 13:42:02-06",12,"advdf"
"24","Say her name : the life and death of Sandra Bland","","|a363.232 SAY","2019-12-30 13:07:09-06",13,"advdn"
"24","The mule","","|aDVD M DRAMA","2020-01-13 14:35:47-06",12,"advdf"
"24","Screwball","","|a362.29088796 S","2020-01-02 13:43:54-06",13,"advdn"
"24","The mustang","","|aBLU-RAY M DRAMA","2019-11-22 11:31:58-06",12,"abdf "
"24","Nazi overlord","","|aDVD N ACTION/ADVENTURE","2019-12-30 11:04:00-06",12,"advdf"
"24","Saint Judy","","|aDVD S DRAMA","2020-01-06 19:33:28-06",12,"advdf"
"24","Godzilla : king of the monsters","","|aDVD G SF/FANTASY","2020-01-20 20:51:54-06",23,"advh "
"24","Little","","|aDVD L COMEDY","2020-01-14 16:46:34-06",12,"advdf"
"24","Backdraft 2","","|aDVD B ACTION/ADVENTURE","2020-01-12 16:21:22-06",12,"advdf"
"24","Green book","","|aDVD G DRAMA","2019-12-29 18:00:04-06",12,"advdf"
"24","Godzilla : king of the monsters","","|aDVD G SF/FANTASY","2020-01-20 17:36:18-06",23,"advh "
"24","Brightburn","","|aDVD B HORROR","2020-01-12 12:23:55-06",23,"advh "
"24","The mustang","","|aDVD M DRAMA","2020-01-04 16:42:00-06",12,"advdf"
"24","I'm not here","","|aDVD I DRAMA","2020-01-06 12:27:53-06",12,"advdf"
"24","The last survivors","","|a940.53180922 L","2019-12-20 14:57:06-06",13,"advdn"
"24","Godzilla : king of the monsters","","|aDVD G SF/FANTASY","2020-01-16 17:30:44-06",23,"advh "
"24","Saint Judy","","|aDVD S DRAMA","2019-12-28 12:01:46-06",23,"advh "
"24","The last black man in San Francisco.","","|aDVD L DRAMA","2020-01-22 12:54:23-06",23,"advh "
"24","Mortal kombat 11","","|aPLAYSTATION 4-M","2020-01-09 18:30:21-06",24,"avg  "
"24","Brightburn","","|aBLU-RAY B HORROR","2020-01-17 10:40:04-06",23,"abhp "
"24","The isle","","|aDVD I HORROR","2020-01-22 09:06:52-06",12,"advdf"
"24","Brightburn","","|aBLU-RAY B HORROR","2020-01-05 12:40:05-06",12,"abdf "
"24","The last black man in San Francisco.","","|aDVD L DRAMA","2020-01-17 15:20:56-06",23,"advh "
"24","Deceived.","","|aDVD D HORROR","2020-01-13 17:58:20-06",12,"advdf"
"24","Godzilla : king of the monsters","","|aDVD G SF/FANTASY","2020-01-13 17:29:29-06",23,"advh "
"24","The last black man in San Francisco.","","|aDVD L DRAMA","2020-01-17 18:39:11-06",12,"advdf"
"24","The intruder","","|aDVD I DRAMA","2019-12-27 15:07:11-06",23,"advh "
"24","Mission of honor.","","|aDVD M DRAMA","2020-01-02 13:35:08-06",12,"advdf"
"24","Awaken.","","|aDVD A ACTION/ADVENTURE","2020-01-27 09:43:10-06",12,"advdf"
"24","Missing link","","|aDVD M","2020-01-23 14:31:14-06",40,"jdvh "
"24","SPL Technology Equipment","","|aDell 3400 Chromebook #1","2020-01-30 14:19:28-06",25,"ate  "
"24","Godzilla : king of the monsters","","|aBLU-RAY G SF/FANTASY","2020-01-21 15:18:47-06",12,"abdf "
"24","Godzilla : king of the monsters","","|aBLU-RAY G SF/FANTASY","2020-01-24 15:04:32-06",12,"abdf "
"24","The intruder","","|aBLU-RAY I DRAMA","2020-01-07 18:33:50-06",23,"abhp "
"24","The big short","","|aDVD B DRAMA","2020-01-19 14:50:01-06",12,"advdf"
"24","Deadly class. Season one.","","|aDEA SEASON 1","2019-12-12 16:36:01-06",12,"advv "
"24","The intruder","","|aBLU-RAY I DRAMA","2019-12-29 15:41:46-06",12,"abdf "
"24","The man who killed Don Quixote","","|aBLU-RAY M ACTION/ADVENTURE","2020-01-20 16:36:25-06",12,"abdf "
"24","Echo in the canyon","","|a781.640973 ECH","2020-01-27 12:36:10-06",23,"advh "
"24","S.W.A.T. Season two","","|aSWA SEASON 2","2020-01-17 10:42:17-06",12,"advv "
"24","Godzilla : king of the monsters","","|aBLU-RAY G SF/FANTASY","2020-01-09 18:30:29-06",12,"abdf "
"24","Breakthrough","","|aDVD B DRAMA","2019-12-30 18:33:34-06",23,"advh "
"24","Pokémon Detective Pikachu","","|aBLU-RAY P","2020-01-12 17:10:15-06",38,"jbdf "
"24","Dragon ball super. Part 08.","","|aDRA PART 8","2020-01-12 16:49:00-06",12,"adva "
"24","Breakthrough","","|aBLU-RAY B DRAMA","2020-01-17 19:21:41-06",12,"abdf "
"24","Law & order.","","|aLAW SEASON 8","2020-01-22 11:16:36-06",12,"advv "
"24","The hustle","","|aBLU-RAY H COMEDY","2020-01-22 18:08:01-06",12,"abdf "
"24","Misery","","|aDVD M HORROR","2020-01-10 14:02:08-06",12,"advdf"
"24","LEGO The Incredibles.","","|aNINTENDO SWITCH-L","2020-01-17 15:13:32-06",45,"jvg  "
"24","Missing link","","|aDVD M","2020-01-18 11:32:57-06",38,"jdvdf"
"24","All is true.","","|aDVD A DRAMA","2019-12-17 11:33:20-06",12,"advdf"
"24","Beyond the line","","|aDVD B ACTION/ADVENTURE","2020-01-03 17:00:20-06",12,"advdf"
"24","Runaway romance.","","|aRUN","2019-12-17 15:57:42-06",61,"advv "
"24","Missing link","","|aBLU-RAY M","2020-01-12 16:45:40-06",40,"jbhp "
"24","Godzilla : king of the monsters","","|aBLU-RAY G SF/FANTASY","2020-01-13 18:49:55-06",12,"abdf "
"24","Anna.","","|aDVD A ACTION/ADVENTURE","2020-01-21 17:58:13-06",12,"advdf"
"24","Rocketman","","|aDVD R DRAMA","2020-01-09 13:30:35-06",12,"advdf"
"24","A.I. rising.","","|aDVD A SF/FANTASY","2020-01-15 20:52:52-06",12,"advdf"
"24","The goddesses of food","","|a641.5092 GOD","2019-12-29 16:23:01-06",13,"advdn"
"24","Air strike","","|aDVD A ACTION/ADVENTURE","2020-01-22 13:34:29-06",12,"advdf"
"24","Rocketman","","|aDVD R DRAMA","2020-01-13 13:26:07-06",12,"advdf"
"24","The flavor of green tea over rice","","|aDVD F WORLD (JAPANESE)","2019-12-30 10:09:36-06",12,"advdf"
"24","Woman at war","","|aDVD W WORLD (ICELANDIC)","2020-01-16 18:25:42-06",12,"advdf"
"24","Rocketman","","|aBLU-RAY R DRAMA","2020-01-03 15:26:27-06",12,"abdf "
"24","Wonder Park","","|aBLU-RAY W","2020-01-12 16:04:49-06",38,"jbdf "
"24","Bratz go to Paris : the movie","","|aDVD B","2020-01-10 20:40:49-06",38,"jdvdf"
"24","The dead don't die","","|aDVD D COMEDY","2019-12-27 18:27:30-06",12,"advdf"
"24","Wonder Park","","|aBLU-RAY W","2020-01-22 19:43:26-06",38,"jbdf "
"24","Dumbo","","|aDVD D","2020-01-17 16:30:32-06",38,"jdvdf"
"24","Mia and the white lion : quest for freedom","","|aBLU-RAY M ACTION/ADVENTURE","2020-01-04 13:24:58-06",23,"abhp "
"24","Wonder park","","|aDVD W","2020-01-16 14:56:38-06",40,"jdvh "
"24","Ramen Shop","","|aDVD R WORLD (JAPANESE)","2020-01-18 10:46:09-06",12,"advdf"
"24","Dumbo","","|aDVD D","2020-01-10 11:53:42-06",38,"jdvdf"
"24","Red Joan.","","|aDVD R DRAMA","2020-01-27 10:23:15-06",23,"advh "
"24","The curse of La Llorona","","|aDVD C HORROR","2020-01-11 16:49:22-06",23,"advh "
"24","Red dead redemption II.","","|aPLAYSTATION 4-R","2019-12-15 16:55:07-06",24,"avg  "
"24","Homeland. The complete seventh season.","","|aHOM SEASON 7","2020-01-08 12:55:49-06",12,"advv "
"24","We have always lived in the castle","","|aDVD W HORROR","2019-12-23 13:39:25-06",12,"advdf"
"24","Better call Saul. Season four.","","|aBET SEASON 4","2020-01-22 17:32:14-06",12,"advv "
"24","Changeland","","|aDVD C COMEDY","2020-01-16 12:56:29-06",12,"advdf"
"24","High life","","|aDVD H SF/FANTASY","2020-01-09 20:43:00-06",12,"advdf"
"24","Dumbo","","|aDVD D","2019-12-30 12:27:49-06",38,"jdvdf"
"24","Mary Poppins returns","","|aDVD M","2020-01-11 10:17:58-06",38,"jdvdf"
"24","Us","","|aDVD U HORROR","2020-01-20 14:37:51-06",12,"advdf"
"24","Belong to us.","","|aDVD B DRAMA","2020-01-12 16:44:44-06",12,"advdf"
"24","Valentine : the dark avenger","","|aDVD V ACTION/ADVENTURE","2020-01-23 10:08:16-06",12,"advdf"
"24","Being Frank","","|aDVD B COMEDY","2020-01-21 11:44:29-06",12,"advdf"
"24","Us","","|aBLU-RAY U HORROR","2019-12-14 12:52:01-06",12,"abdf "
"24","Killing Eve. Season two.","","|aKIL SEASON 2","2019-12-31 13:36:35-06",12,"abdv "
"24","Us","","|aDVD U HORROR","2020-01-11 17:56:33-06",12,"advdf"
"24","Avengers. Endgame","","|aDVD A ACTION/ADVENTURE","2020-01-10 19:39:20-06",12,"advdf"
"24","Us","","|aDVD U HORROR","2020-01-18 12:34:23-06",12,"advdf"
"24","Poms","","|aBLU-RAY P COMEDY","2020-01-12 16:06:05-06",12,"abdf "
"24","Under the autumn moon","","|aUND","2020-01-20 09:31:16-06",12,"advv "
"24","Furie","","|aDVD F WORLD (VIETNAMESE)","2020-01-14 10:57:50-06",12,"advdf"
"24","Missing link","","|aDVD M","2020-01-18 17:12:16-06",40,"jdvh "
"24","Booksmart","","|aDVD B COMEDY","2020-01-21 15:20:08-06",23,"advh "
"24","Kingdoms of the sky : Himalaya, Rockies, Andes","","|a551.432 K","2019-12-13 20:15:52-06",13,"advdn"
"24","High life","","|aBLU-RAY H SF/FANTASY","2019-12-30 17:32:54-06",12,"abdf "
"24","The elder scrolls V : Skyrim.","","|aNINTENDO SWITCH-E","2020-01-04 11:59:25-06",24,"avg  "
"24","Olaf's frozen adventure","","|aBLU-RAY O","2020-01-10 16:14:53-06",38,"jbdf "
"24","Changeland","","|aDVD C COMEDY","2020-01-25 15:21:57-06",12,"advdf"
"24","The intruder","","|aBLU-RAY I DRAMA","2019-12-14 11:11:09-06",12,"abdf "
"24","All is true.","","|aBLU-RAY A DRAMA","2020-01-17 15:18:32-06",23,"abhp "
"23","All of my heart. The wedding","","|aALL","2020-01-15 14:30:58-06",12,"advv "
"23","Maria by Callas","","|a782.1092 M","2020-01-10 10:50:38-06",13,"advdn"
"23","Captive state","","|aBLU-RAY C SF/FANTASY","2019-12-30 15:03:57-06",12,"abdf "
"23","The best of enemies","","|aDVD B DRAMA","2019-12-29 13:52:00-06",23,"advh "
"23","Booksmart","","|aBLU-RAY B COMEDY","2020-01-24 09:05:05-06",23,"abhp "
"23","Ugly dolls","","|aDVD U","2020-01-18 11:40:38-06",40,"jdvh "
"23","Booksmart","","|aBLU-RAY B COMEDY","2020-01-24 11:06:08-06",12,"abdf "
"23","The best of enemies","","|aDVD B DRAMA","2019-12-26 21:00:13-06",12,"advdf"
"23","Ugly dolls","","|aDVD U","2020-01-20 17:02:29-06",40,"jdvh "
"23","Transit","","|aDVD T WORLD (MULTILINGUAL)","2020-01-17 11:05:39-06",12,"advdf"
"23","The best of enemies","","|aBLU-RAY B DRAMA","2019-12-22 17:50:17-06",12,"abdf "
"23","The alienist","","|aALI","2020-01-22 09:37:57-06",12,"advv "
"23","All is true.","","|aBLU-RAY A DRAMA","2020-01-20 11:39:20-06",12,"abdf "
"23","DragonBall FighterZ.","","|aPLAYSTATION 4-D","2020-01-03 15:59:23-06",24,"avg  "
"23","Triple threat","","|aDVD T ACTION/ADVENTURE","2019-12-09 11:18:35-06",12,"advdf"
"23","Pokémon Detective Pikachu","","|aBLU-RAY P","2020-01-12 14:41:22-06",40,"jbhp "
"23","Captain Marvel.","","|aDVD C ACTION/ADVENTURE","2020-01-13 17:11:22-06",12,"advdf"
"23","High life","","|aBLU-RAY H SF/FANTASY","2019-12-28 14:17:20-06",23,"abhp "
"23","Hesburgh.","","|a378.772 HES","2020-01-13 15:37:06-06",13,"advdn"
"23","Here and now","","|aDVD H DRAMA","2020-01-04 14:28:10-06",12,"advdf"
"23","High life","","|aBLU-RAY H SF/FANTASY","2019-12-14 16:51:26-06",12,"abdf "
"23","Toy story of terror!","","|aDVD DIS","2020-01-04 17:41:43-06",38,"jdvdf"
"23","Toni Morrison : the pieces I am","","|a813.54 MOR","2020-01-21 16:55:20-06",23,"advh "
"23","All is true.","","|aBLU-RAY A DRAMA","2020-01-18 17:05:44-06",23,"abhp "
"23","Boogaloo Shrimp documentary.","","|a792.8092 B","2020-01-22 18:18:47-06",13,"advdn"
"23","Toy story 4","","|aDVD DIS","2020-01-19 16:17:40-06",40,"jdvh "
"23","The Spanish princess.","","|aSPA","2019-12-30 15:57:10-06",12,"advv "
"23","Ma","","|aBLU-RAY M HORROR","2020-01-24 10:55:58-06",12,"abdf "
"23","Plus one.","","|aDVD P COMEDY","2020-01-10 19:44:09-06",12,"advdf"
"23","Bohemian rhapsody","","|aBLU-RAY B DRAMA","2020-01-25 16:33:38-06",12,"abdf "
"23","Bohemian Rhapsody","","|aDVD B DRAMA","2020-01-16 17:52:37-06",12,"advdf"
"23","Tolkien","","|aDVD T DRAMA","2020-01-17 16:07:48-06",23,"advh "
"23","Dragged across concrete.","","|aDVD D DRAMA","2019-12-31 10:21:06-06",12,"advdf"
"23","The Nutcracker and the four realms","","|aDVD N","2020-01-20 17:02:31-06",38,"jdvdf"
"23","Captain Marvel.","","|aDVD C ACTION/ADVENTURE","2020-01-05 13:51:35-06",12,"advdf"
"23","Frankie Drake mysteries. The complete second season","","|aFRA SEASON 2","2019-12-18 13:18:58-06",12,"advv "
"23","Tom Clancy's Jack Ryan. Season one","","|aJAC SEASON 1","2020-01-15 16:53:07-06",12,"advv "
"23","A dog's purpose.","","|aDVD D DRAMA","2020-01-16 10:14:34-06",12,"advdf"
"23","Pet sematary","","|aDVD P HORROR","2020-01-08 20:46:57-06",12,"advdf"
"23","The Grinch","","|aDVD G","2020-01-20 11:54:52-06",38,"jdvdf"
"23","The Clovehitch killer","","|aDVD C HORROR","2020-01-22 11:53:41-06",12,"advdf"
"23","To dust","","|aDVD T DRAMA","2020-01-25 17:32:57-06",12,"advdf"
"23","MIB International","","|aDVD M COMEDY","2020-01-24 13:30:45-06",12,"advdf"
"23","The Grinch","","|aDVD G","2020-01-11 10:00:23-06",38,"jdvdf"
"23","Killers anonymous.","","|aDVD K ACTION/ADVENTURE","2019-12-28 17:23:27-06",12,"advdf"
"23","Teen spirit.","","|aDVD T DRAMA","2019-12-21 16:56:08-06",12,"advdf"
"23","MIB International","","|aDVD M COMEDY","2020-01-19 13:39:00-06",12,"advdf"
"23","A dog's journey.","","|aDVD D DRAMA","2020-01-23 19:30:23-06",12,"advdf"
"23","Crazy rich Asians","","|aDVD C COMEDY","2020-01-05 16:36:12-06",12,"advdf"
"23","Batman vs Teenage Mutant Ninja Turtles","","|aDVD B SF/FANTASY","2019-12-28 12:16:10-06",12,"advdf"
"23","The wife","","|aDVD W DRAMA","2020-01-24 15:51:01-06",12,"advdf"
"23","Tolkien","","|aBLU-RAY T DRAMA","2020-01-25 12:19:33-06",12,"abdf "
"23","Paw patrol. The great pirate rescue!.","","|aDVD P","2020-01-12 14:27:37-06",38,"jdvdp"
"23","Super Mario odyssey.","","|aNINTENDO SWITCH-S","2019-12-16 19:16:24-06",45,"jvg  "
"23","Alita : battle angel","","|aDVD A ACTION/ADVENTURE","2020-01-09 13:06:52-06",12,"advdf"
"23","A dog's journey.","","|aDVD D DRAMA","2020-01-12 12:36:06-06",12,"advdf"
"23","Alita : battle angel","","|aDVD A ACTION/ADVENTURE","2019-12-23 16:53:36-06",12,"advdf"
"23","Domino","","|aDVD D DRAMA","2020-01-28 10:56:13-06",12,"advdf"
"23","Paw patrol.","","|aDVD P","2020-01-11 12:42:50-06",38,"jdvdf"
"23","John Wick. Chapter 3, Parabellum","","|aDVD J ACTION/ADVENTURE","2020-01-06 20:49:07-06",23,"advh "
"23","MIB International","","|aDVD M COMEDY","2019-12-30 13:36:07-06",12,"advdf"
"23","MIB International","","|aDVD M COMEDY","2020-01-06 14:25:12-06",23,"advh "
"23","Paw patrol. Pups save Puplantis.","","|aDVD P","2020-01-03 14:03:56-06",38,"jdvdp"
"23","Captain America, civil war","","|aBLU-RAY C ACTION/ADVENTURE","2020-01-04 09:51:32-06",12,"abdf "
"23","A dog's journey.","","|aBLU-RAY D DRAMA","2020-01-11 10:23:05-06",23,"abhp "
"23","Harry Potter and the prisoner of Azkaban","","|aDVD H SF/FANTASY     ","2020-01-25 12:40:52-06",12,"advdf"
"23","A dog's journey.","","|aBLU-RAY D DRAMA","2020-01-12 15:58:32-06",12,"abdf "
"23","Papa pogi.","","|aDVD P WORLD (TAGALOG)","2020-01-20 15:45:44-06",12,"advdf"
"23","Spider-man","","|aPLAYSTATION 4-S","2020-01-29 15:01:35-06",24,"avg  "
"23","A dog's journey.","","|aBLU-RAY D DRAMA","2020-01-07 13:15:56-06",12,"abdf "
"23","Speechless. The complete third season.","","|aSPE SEASON 3","2020-01-19 12:57:00-06",12,"advv "
"23","The tomorrow man","","|aDVD T DRAMA","2020-01-25 12:21:10-06",12,"advdf"
"23","After","","|aDVD A DRAMA","2019-12-05 20:52:20-06",12,"advdf"
"23","Patrick.","","|aDVD P COMEDY","2020-01-13 10:45:39-06",12,"advdf"
"23","The upside","","|aDVD U COMEDY","2020-01-13 14:35:47-06",12,"advdf"
"23","Smallfoot","","|aDVD S","2020-01-25 11:31:32-06",40,"jdvh "
"23","Smallfoot","","|aDVD S","2020-01-11 17:12:46-06",40,"jdvh "
"23","John Wick. Chapter 3, Parabellum","","|aBLU-RAY J ACTION/ADVENTURE","2020-01-19 14:23:54-06",12,"abdf "
"23","The sun is also a star","","|aDVD S DRAMA","2020-01-07 15:45:53-06",12,"advdf"
"23","The sun is also a star","","|aDVD S DRAMA","2020-01-09 18:18:09-06",12,"advdf"
"23","John Wick. Chapter 2","","|aDVD J ACTION/ADVENTURE","2020-01-27 12:16:55-06",12,"advdf"
"23","Signed, sealed, delivered. To the altar.","","|aSIG","2020-01-06 16:10:25-06",12,"advv "
"23","Fast color.","","|aBLU-RAY F SF/FANTASY","2019-12-29 16:17:09-06",23,"abhp "
"23","John Wick. Chapter 2","","|aBLU-RAY J ACTION/ADVENTURE","2020-01-20 20:34:35-06",12,"abdf "
"23","Shetland. Seasons one & two","","|aSHE SEASONS 1&2","2020-01-09 11:11:14-06",12,"advv "
"23","Halston","","|a746.92 HAL","2020-01-19 17:01:11-06",13,"advdn"
"23","Arrow. The complete seventh season.","","|aARR SEASON 7","2020-01-22 16:22:01-06",12,"advv "
"23","Singin' in the rain","","|aDVD S MUSICAL (NFR)","2020-01-12 14:06:45-06",12,"advdf"
"23","The secret life of pets 2","","|aDVD S","2020-01-08 17:39:17-06",38,"jdvdf"
"23","Devil may cry 5","","|aPLAYSTATION 4-D","2019-12-04 10:43:39-06",24,"avg  "
"23","Fast color.","","|aDVD F SF/FANTASY","2019-12-28 12:46:04-06",23,"advh "
"23","Shazam!","","|aBLU-RAY S ACTION/ADVENTURE","2019-12-31 15:17:09-06",12,"abdf "
"23","The river and the wall","","|a917.64404 RIV","2020-01-23 17:21:49-06",13,"advdn"
"23","Greta","","|aDVD G DRAMA","2020-01-03 15:07:55-06",12,"advdf"
"23","A star is born","","|aDVD S DRAMA","2020-01-09 17:07:01-06",12,"advdf"
"23","Long shot","","|aDVD L COMEDY","2020-01-03 10:55:31-06",23,"advh "
"23","Long shot","","|aDVD L COMEDY","2019-12-28 16:54:32-06",23,"advh "
"23","Shakespeare & Hathaway : private investigators. Season 1.","","|aSHA SEASON 1","2019-12-28 11:47:43-06",12,"advv "
"23","Long shot","","|aDVD L COMEDY","2019-12-29 16:01:57-06",23,"advh "
"23","Detective Montalbano. Episodes 33 & 34.","","|aDET EPISODES 33-34","2020-01-11 17:57:05-06",12,"advv "
"23","Descendants 2.","","|aDVD D","2020-01-21 16:35:01-06",38,"jdvdf"
"23","John Wick. Chapter 3, Parabellum","","|aDVD J ACTION/ADVENTURE","2020-01-15 14:01:54-06",12,"advdf"
"23","3 faces.","","|aDVD T WORLD (FARSI)","2019-12-28 15:29:28-06",12,"advdf"
"23","Descendants 3","","|aDVD D","2020-01-07 16:41:16-06",38,"jdvdf"
"23","The public","","|aBLU-RAY P DRAMA","2019-12-20 13:04:36-06",12,"abdf "
"23","On the basis of sex","","|aBLU-RAY O DRAMA","2020-01-13 18:39:02-06",12,"abdf "
"23","The public","","|aDVD P DRAMA","2020-01-17 13:49:56-06",12,"advdf"
"23","Under the Silver Lake.","","|aDVD U DRAMA","2019-11-29 15:16:16-06",12,"advdf"
"23","Nightmare cinema.","","|aDVD N HORROR","2020-01-17 16:13:40-06",12,"advdf"
"23","Green book","","|aBLU-RAY G DRAMA","2020-01-15 12:16:26-06",12,"abdf "
"23","Grantchester. The complete fourth season.","","|aGRA SEASON 4","2020-01-21 14:03:06-06",12,"advv "
"23","Green book","","|aBLU-RAY G DRAMA","2020-01-02 14:54:02-06",12,"abdf "
"23","The professor","","|aDVD P COMEDY","2020-01-18 14:20:19-06",12,"advdf"
"23","Grantchester. The complete fourth season.","","|aGRA SEASON 4","2020-01-13 15:50:02-06",12,"advv "
"23","Everybody knows","","|aBLU-RAY E WORLD (SPANISH)","2020-01-05 16:22:41-06",23,"abhp "
"23","American renegades.","","|aDVD A ACTION/ADVENTURE","2020-01-20 11:57:49-06",12,"advdf"
"23","Grantchester. The complete fourth season.","","|aGRA SEASON 4","2019-12-30 10:23:34-06",12,"advv "
"23","American renegades.","","|aDVD A ACTION/ADVENTURE","2020-01-09 18:57:53-06",12,"advdf"
"23","Sega Genesis classics.","","|aNINTENDO SWITCH-S","2020-01-19 14:13:45-06",24,"avg  "
"23","Long shot","","|aBLU-RAY L COMEDY","2020-01-11 14:02:03-06",23,"abhp "
"23","The outpost. Season one.","","|aOUT SEASON 1","2020-01-14 20:06:18-06",12,"advv "
"23","Aladdin","","|aDVD DIS","2019-12-12 11:55:48-06",38,"jdvdf"
"23","Dell Chromebook.","","|aDell Chromebook #34","2020-01-17 19:28:56-06",27,"ate  "
"23","Instant family.","","|aDVD I COMEDY","2019-12-31 13:10:13-06",12,"advdf"
"23","Grand theft auto V.","","|aPLAYSTATION 4-G","2019-12-27 15:09:01-06",24,"avg  "
"23","Godzilla : king of the monsters","","|aDVD G SF/FANTASY","2020-01-24 16:46:41-06",23,"advh "
"23","The mustang","","|aDVD M DRAMA","2020-01-06 11:48:17-06",12,"advdf"
"23","Backtrace","","|aDVD B ACTION/ADVENTURE","2020-01-08 11:20:57-06",12,"advdf"
"23","The mule","","|aDVD M DRAMA","2019-12-27 14:23:47-06",12,"advdf"
"23","Godzilla : king of the monsters","","|aDVD G SF/FANTASY","2020-01-23 10:23:49-06",23,"advh "
"23","Brightburn","","|aDVD B HORROR","2020-01-23 18:33:53-06",12,"advdf"
"23","The man who killed Hitler and then the bigfoot.","","|aDVD M ACTION/ADVENTURE","2020-01-22 18:35:18-06",12,"advdf"
"23","Little","","|aDVD L COMEDY","2020-01-19 17:41:01-06",12,"advdf"
"23","Little","","|aDVD L COMEDY","2019-12-26 16:40:22-06",12,"advdf"
"23","Aladdin","","|aDVD A","2020-01-17 14:43:32-06",40,"jdvh "
"23","Apollo 11","","|a629.454 A","2020-01-12 17:03:03-06",13,"advdn"
"23","Long shot","","|aBLU-RAY L COMEDY","2020-01-24 13:54:28-06",12,"abdf "
"23","Nancy Drew and the hidden staircase","","|aDVD N","2020-01-11 12:53:10-06",38,"jdvdf"
"23","In search of greatness","","|a796.0922 I","2020-01-02 17:03:10-06",13,"advdn"
"23","Isn't it romantic","","|aDVD I COMEDY","2019-12-26 17:39:00-06",12,"advdf"
"23","Little","","|aBLU-RAY L COMEDY","2020-01-04 13:18:55-06",12,"abdf "
"23","Elementary. The final season.","","|aELE SEASON 7","2020-01-15 11:18:04-06",12,"advv "
"23","Saint Judy","","|aDVD S DRAMA","2019-12-27 18:33:04-06",23,"advh "
"23","Little","","|aBLU-RAY L COMEDY","2020-01-04 13:01:12-06",12,"abdf "
"23","Mortal kombat 11","","|aPLAYSTATION 4-M","2019-12-31 14:23:53-06",24,"avg  "
"23","Little","","|aBLU-RAY L COMEDY","2020-01-12 14:17:04-06",12,"abdf "
"23","Enchanted tea party","","|aDVD DIS","2020-01-12 16:48:01-06",38,"jdvdf"
"23","The magicians. Season four.","","|aMAG SEASON 4","2020-01-15 16:52:37-06",12,"abdv "
"23","I am Patrick Swayze","","|a791.43028 SWA","2020-01-14 15:45:07-06",13,"advdn"
"23","The last black man in San Francisco.","","|aBLU-RAY L DRAMA","2020-01-19 15:47:41-06",12,"abdf "
"23","The last black man in San Francisco.","","|aDVD L DRAMA","2020-01-16 15:36:26-06",23,"advh "
"23","El chicano","","|aDVD C ACTION/ADVENTURE","2019-12-28 14:32:35-06",23,"advh "
"23","Delicious. Series 3","","|aDEL SERIES 3","2020-01-04 15:47:51-06",12,"advv "
"23","The invisibles.","","|aDVD I WORLD (GERMAN)","2020-01-04 10:09:31-06",12,"advdf"
"23","Brightburn","","|aBLU-RAY B HORROR","2020-01-16 14:28:54-06",23,"abhp "
"23","The invisibles.","","|aDVD I WORLD (GERMAN)","2020-01-09 15:37:18-06",12,"advdf"
"23","Les misérables.","","|aMIS","2019-11-23 17:26:01-06",12,"advv "
"23","Godzilla : king of the monsters","","|aBLU-RAY G SF/FANTASY","2020-01-25 11:03:10-06",23,"abhp "
"23","American Woman (DVD) [videorecording].","",NULL,"2020-01-16 15:36:23-06",12,"advdf"
"23","Mission: Impossible. Fallout","","|aDVD M ACTION/ADVENTURE","2020-01-15 18:26:18-06",12,"advdf"
"23","Godzilla : king of the monsters","","|aBLU-RAY G SF/FANTASY","2020-01-22 18:18:59-06",12,"abdf "
"23","Hyrule warriors","","|aNINTENDO SWITCH-H","2020-01-04 12:01:00-06",24,"avg  "
"23","Liar. Season one","","|aLIA SEASON 1","2019-11-23 10:36:22-06",12,"advv "
"23","Godzilla : king of the monsters","","|aBLU-RAY G SF/FANTASY","2020-01-19 16:56:31-06",23,"abhp "
"23","Illang : the wolf brigade : live action the movie = Lang ren : zhen ren ju chang ban","","|aDVD I WORLD (KOREAN)","2020-01-17 15:10:39-06",12,"advdf"
"23","Long shot","","|aBLU-RAY L COMEDY","2020-01-24 15:51:52-06",12,"abdf "
"23","Godzilla : king of the monsters","","|aDVD G SF/FANTASY","2020-01-18 17:59:10-06",23,"advh "
"23","Breakthrough","","|aDVD B DRAMA","2019-12-29 13:51:53-06",23,"advh "
"23","Law & order.","","|aLAW SEASON 5","2020-01-09 16:28:48-06",12,"advv "
"23","La La Land","","|aDVD L MUSICAL","2020-01-11 13:48:43-06",12,"advdf"
"23","Breakthrough","","|aBLU-RAY B DRAMA","2020-01-11 10:38:32-06",12,"abdf "
"23","Booksmart","","|aBLU-RAY B COMEDY","2020-01-07 12:30:13-06",12,"abdf "
"23","The hustle","","|aDVD H COMEDY","2020-01-10 17:18:02-06",12,"advdf"
"23","The hustle","","|aDVD H COMEDY","2019-12-26 17:03:13-06",12,"advdf"
"23","Mirai.","","|aDVD M","2020-01-09 16:36:43-06",40,"jdvh "
"23","ARMS.","","|aNINTENDO SWITCH-A","2019-12-13 17:17:58-06",45,"jvg  "
"23","The hustle","","|aBLU-RAY H COMEDY","2020-01-22 18:33:16-06",12,"abdf "
"23","Anna.","","|aDVD A ACTION/ADVENTURE","2020-01-20 20:52:04-06",23,"advh "
"23","Missing link","","|aBLU-RAY M","2020-01-21 16:43:27-06",40,"jbhp "
"23","Avengers. Endgame.","","|aBLU-RAY A ACTION/ADVENTURE","2020-01-12 13:22:43-06",12,"abdf "
"23","Rocketman","","|aDVD R DRAMA","2020-01-23 19:15:33-06",12,"advdf"
"23","Rocketman","","|aDVD R DRAMA","2020-01-21 18:26:56-06",23,"advh "
"23","Anna.","","|aBLU-RAY A ACTION/ADVENTURE","2020-01-27 13:10:43-06",23,"abhp "
"23","Rocketman","","|aDVD R DRAMA","2020-01-21 18:37:42-06",23,"advh "
"23","Breakthrough","","|aBLU-RAY B DRAMA","2019-12-28 11:55:58-06",23,"abhp "
"23","Go vacation.","","|aNINTENDO SWITCH-G","2020-01-05 16:42:46-06",45,"jvg  "
"23","LEGO DC Batman : family matters.","","|aDVD L","2020-01-20 16:40:31-06",38,"bjdvf"
"23","How to train your dragon. The hidden world","","|aDVD H","2020-01-04 16:51:16-06",38,"jdvdf"
"23","Minecraft : story mode : the complete adventure.","","|aPLAYSTATION 3-M","2019-12-29 12:57:49-06",45,"jvg  "
"23","The hustle","","|aBLU-RAY H COMEDY","2019-12-19 15:57:26-06",12,"abdf "
"23","Amazing grace","","|a782.254 FRA","2020-01-17 14:12:02-06",13,"advdn"
"23","Air strike","","|aDVD A ACTION/ADVENTURE","2020-01-22 17:29:25-06",12,"advdf"
"23","How to train your dragon. The hidden world","","|aDVD H","2020-01-03 15:36:33-06",38,"jdvdf"
"23","The hustle","","|aBLU-RAY H COMEDY","2019-12-22 14:33:59-06",12,"abdf "
"23","ER.","","|aER SEASON 1","2019-12-19 17:34:33-06",12,"advv "
"23","East side sushi","","|aDVD E DRAMA","2020-01-10 09:15:57-06",12,"advdf"
"23","The girl in the fog.","","|aDVD G WORLD (ITALIAN)","2020-01-15 12:33:06-06",12,"advdf"
"23","The house with a clock in its walls","","|aDVD H","2020-01-22 17:28:46-06",38,"jdvdf"
"23","Hotel Transylvania 3","","|aDVD H","2020-01-16 18:33:58-06",38,"jdvdf"
"23","Krypton. The complete first season","","|aKRY SEASON 1","2020-01-18 12:58:22-06",12,"advv "
"23","How to train your dragon. The hidden world","","|aDVD H","2020-01-10 17:10:38-06",38,"jdvdf"
"23","Chasing the moon.","","|a629.454 C","2020-01-12 12:24:59-06",13,"advdn"
